url,class,type
http://farm2.static.flickr.com/1245/1259825348_6a2aa94e8d.jpg,cat,train
http://farm2.static.flickr.com/1080/1029412358_7ee17550fc.jpg,cat,train
http://farm1.static.flickr.com/196/443645811_8c4bb1af50.jpg,cat,train
http://farm2.static.flickr.com/1201/1285591549_593ca7cf6a.jpg,cat,train
http://farm3.static.flickr.com/2002/1760479467_068432dd3f.jpg,cat,train
http://farm2.static.flickr.com/1411/649938210_e9dcbde5ea.jpg,cat,train
http://farm2.static.flickr.com/1423/918775832_9ecfd414b8.jpg,cat,train
http://farm3.static.flickr.com/2182/1609807321_dd3fdba171.jpg,cat,train
http://farm1.static.flickr.com/78/228831855_3bbae4490c.jpg,cat,train
http://farm2.static.flickr.com/1145/1284337059_29aaf74695.jpg,cat,train
http://farm1.static.flickr.com/22/31377472_8b8b15d01b.jpg,cat,train
http://farm1.static.flickr.com/1/1004525_cba96ba3c3.jpg,cat,train
http://farm1.static.flickr.com/57/213023529_8d84375b05.jpg,cat,train
http://farm1.static.flickr.com/56/164973134_d6799c5db4.jpg,cat,train
http://farm2.static.flickr.com/1286/852162860_b4fef593a6.jpg,cat,train
http://farm1.static.flickr.com/187/371068422_47a9b29455.jpg,cat,train
http://farm3.static.flickr.com/2197/1612667428_4ea558e97b.jpg,cat,train
http://farm2.static.flickr.com/1164/596906845_87bd2499df.jpg,cat,train
http://farm1.static.flickr.com/51/106818681_88076c6eec.jpg,cat,train
http://farm3.static.flickr.com/2216/1530391249_b310d4b331.jpg,cat,train
http://farm1.static.flickr.com/172/437477913_bb222deb51.jpg,cat,train
http://farm1.static.flickr.com/33/65048097_e5264bf855.jpg,cat,train
http://farm3.static.flickr.com/2097/2088612117_09c208ee23.jpg,cat,train
http://farm1.static.flickr.com/33/371068122_d4278b6bb8.jpg,cat,train
http://farm3.static.flickr.com/2354/2102976081_61c8614be8.jpg,cat,train
http://farm3.static.flickr.com/2267/2049593911_a8ab75886b.jpg,cat,train
http://farm3.static.flickr.com/2232/2204139648_63282de1a4.jpg,cat,train
http://farm2.static.flickr.com/1381/565727409_61693c5e14.jpg,cat,train
http://farm1.static.flickr.com/210/467338710_92e7990f09.jpg,cat,train
http://farm2.static.flickr.com/1431/635286623_80324c56c1.jpg,cat,train
http://farm2.static.flickr.com/1413/1286961078_102af29059.jpg,cat,train
http://farm1.static.flickr.com/186/444986815_cdecf4ccc0.jpg,cat,train
http://farm1.static.flickr.com/39/75714427_07216dd49d.jpg,cat,train
http://farm1.static.flickr.com/49/132962202_f057174717.jpg,cat,train
http://farm2.static.flickr.com/1336/1458080062_e8120b1c78.jpg,cat,train
http://farm1.static.flickr.com/135/331620804_e315322a82.jpg,cat,train
http://farm1.static.flickr.com/23/34124450_6995ec9125.jpg,cat,train
http://farm2.static.flickr.com/1390/709949156_5e4ac3f499.jpg,cat,train
http://farm1.static.flickr.com/70/189124128_5878c3e898.jpg,cat,train
http://farm1.static.flickr.com/36/98627889_cdb44bd93d.jpg,cat,train
http://farm3.static.flickr.com/2373/2235269779_6207ea1abd.jpg,cat,train
http://farm3.static.flickr.com/2223/2088628513_71b9bcdc22.jpg,cat,train
http://farm1.static.flickr.com/124/355776256_f05e733a93.jpg,cat,train
http://farm1.static.flickr.com/81/243007380_feda8c8a4c.jpg,cat,train
http://farm1.static.flickr.com/47/126084132_93e5aeade7.jpg,cat,train
http://farm1.static.flickr.com/211/504313582_57ba5e45cc.jpg,cat,train
http://farm1.static.flickr.com/213/458865943_58cac7c564.jpg,cat,train
http://farm1.static.flickr.com/42/93855106_90048c3e97.jpg,cat,train
http://farm1.static.flickr.com/54/161285442_8bcc94a3d5.jpg,cat,train
http://farm2.static.flickr.com/1373/540653104_08e52db275.jpg,cat,train
http://farm1.static.flickr.com/226/464436347_743adfb19e.jpg,cat,train
http://farm2.static.flickr.com/1119/1371892048_9e9f3ee318.jpg,cat,train
http://farm1.static.flickr.com/41/123391236_f39d405ba8.jpg,cat,train
http://farm3.static.flickr.com/2366/1845262280_b5ba3ffa6f.jpg,cat,train
http://farm2.static.flickr.com/1094/1371917878_f0d7937560.jpg,cat,train
http://farm1.static.flickr.com/171/373046865_16f4c180fe.jpg,cat,train
http://farm2.static.flickr.com/1221/1011749126_44a195db4c.jpg,cat,train
http://farm2.static.flickr.com/1158/597159250_7c93b93b2f.jpg,cat,train
http://farm1.static.flickr.com/22/25341802_95203fb8be.jpg,cat,train
http://farm3.static.flickr.com/2194/2172322352_72203ff7e9.jpg,cat,train
http://farm1.static.flickr.com/120/311234045_257a6f0ce2.jpg,cat,train
http://farm3.static.flickr.com/2185/1901707440_da37ea45b1.jpg,cat,train
http://farm2.static.flickr.com/1104/1181886610_3d23bdc306.jpg,cat,train
http://farm3.static.flickr.com/2067/2134802268_f256811ce5.jpg,cat,train
http://farm3.static.flickr.com/2376/1907149345_89c10497cc.jpg,cat,train
http://farm1.static.flickr.com/92/222767742_1012b9722f.jpg,cat,train
http://farm3.static.flickr.com/2145/2097715605_fe572ee652.jpg,cat,train
http://farm1.static.flickr.com/223/450160344_ebc6c5d6ea.jpg,cat,train
http://farm1.static.flickr.com/173/416994740_6ada308baa.jpg,cat,train
http://farm3.static.flickr.com/2355/2221103121_d642f16803.jpg,cat,train
http://farm1.static.flickr.com/58/202121902_5dd22d763e.jpg,cat,train
http://farm1.static.flickr.com/50/131001499_e6f50809db.jpg,cat,train
http://farm3.static.flickr.com/2310/2088706201_4b434b52f6.jpg,cat,train
http://farm2.static.flickr.com/1398/1030251986_4312bc86a9.jpg,cat,train
http://farm2.static.flickr.com/1013/1287550918_37c0618cd4.jpg,cat,train
http://farm2.static.flickr.com/1203/852161738_902e9d4e24.jpg,cat,train
http://farm1.static.flickr.com/23/34630974_c6ef06c52c.jpg,cat,train
http://farm2.static.flickr.com/1249/965676411_ea7f678902.jpg,cat,train
http://farm1.static.flickr.com/3/4193130_a058cdb81f.jpg,cat,train
http://farm1.static.flickr.com/8/10002817_5944408634.jpg,cat,train
http://farm3.static.flickr.com/2341/1986619993_4d2e3a5442.jpg,cat,train
http://farm3.static.flickr.com/2248/2197815717_ebee4547c4.jpg,cat,train
http://farm2.static.flickr.com/1339/1351021942_6449096e65.jpg,cat,train
http://farm1.static.flickr.com/111/276601046_fa141e0f54.jpg,cat,train
http://farm3.static.flickr.com/2324/1812521627_5a83110a1c.jpg,cat,train
http://farm1.static.flickr.com/1/1004528_a111209743.jpg,cat,train
http://farm1.static.flickr.com/60/174732335_7275892317.jpg,cat,train
http://farm1.static.flickr.com/150/416625965_f3c3f39cf6.jpg,cat,train
http://farm1.static.flickr.com/156/416614617_c3b24b70f7.jpg,cat,train
http://farm1.static.flickr.com/119/283032077_1d4ee1a1ba.jpg,cat,train
http://farm2.static.flickr.com/1134/1210503252_5383fe1c12.jpg,cat,train
http://farm1.static.flickr.com/51/192687065_b97ac2f09e.jpg,cat,train
http://farm1.static.flickr.com/48/110210753_400a37633c.jpg,cat,train
http://farm3.static.flickr.com/2229/1561238993_514ec89dc2.jpg,cat,train
http://farm1.static.flickr.com/138/368296176_5b98428fa1.jpg,cat,train
http://farm2.static.flickr.com/1012/954632637_c5db7fa4d5.jpg,cat,train
http://farm1.static.flickr.com/223/522289072_13b4f92d39.jpg,cat,train
http://farm1.static.flickr.com/78/213391370_fbc69163e6.jpg,cat,train
http://farm1.static.flickr.com/74/202578028_b617c32d6f.jpg,cat,train
http://farm1.static.flickr.com/148/389105593_354165d41a.jpg,cat,train
http://farm2.static.flickr.com/1099/799662943_47a07e43fb.jpg,cat,train
http://farm2.static.flickr.com/1224/1241688278_14ca56b240.jpg,cat,train
http://farm3.static.flickr.com/2376/2221884254_effc37c629.jpg,cat,train
http://farm2.static.flickr.com/1160/570141189_710601aeb2.jpg,cat,train
http://farm1.static.flickr.com/51/128230843_ffc20cb0b9.jpg,cat,train
http://farm2.static.flickr.com/1105/1095526988_7a288676e1.jpg,cat,train
http://farm2.static.flickr.com/1348/1051238748_e1be3aef35.jpg,cat,train
http://farm1.static.flickr.com/82/235165696_6fe5677fb1.jpg,cat,train
http://farm2.static.flickr.com/1167/964987618_54ad71ee6e.jpg,cat,train
http://farm2.static.flickr.com/1407/1152574058_7f9278c673.jpg,cat,train
http://farm1.static.flickr.com/28/100739452_5be2c11557.jpg,cat,train
http://farm1.static.flickr.com/254/461684912_034f747f14.jpg,cat,train
http://farm1.static.flickr.com/95/255186227_d3cf0ca6e7.jpg,cat,train
http://farm2.static.flickr.com/1095/1380798923_65eec881a8.jpg,cat,train
http://farm1.static.flickr.com/121/371070377_7a49bcdcc9.jpg,cat,train
http://farm3.static.flickr.com/2100/1579025926_1f9985c3f0.jpg,cat,train
http://farm1.static.flickr.com/142/371071223_2b3bcf06d8.jpg,cat,train
http://farm1.static.flickr.com/105/290844103_720b264e6f.jpg,cat,train
http://farm1.static.flickr.com/24/53184803_67009002ea.jpg,cat,train
http://farm1.static.flickr.com/188/441096809_22ee935dc6.jpg,cat,train
http://farm2.static.flickr.com/1435/1468792624_3f28670790.jpg,cat,train
http://farm1.static.flickr.com/227/502027704_ef30e4e492.jpg,cat,train
http://farm1.static.flickr.com/92/255186483_ed62ee27d8.jpg,cat,train
http://farm3.static.flickr.com/2196/1893688733_b941ea93bc.jpg,cat,train
http://farm2.static.flickr.com/1148/1484611144_d589752ffe.jpg,cat,train
http://farm1.static.flickr.com/1/1004527_527c0c32ce.jpg,cat,train
http://farm3.static.flickr.com/2197/1744125055_dfd0638d6f.jpg,cat,train
http://farm2.static.flickr.com/1136/798528274_a5befb1ba6.jpg,cat,train
http://farm1.static.flickr.com/252/520330558_682540ae3e.jpg,cat,train
http://farm2.static.flickr.com/1424/643693002_6262c7c770.jpg,cat,train
http://farm1.static.flickr.com/175/397934490_2687ae6b71.jpg,cat,train
http://farm3.static.flickr.com/2276/1641636487_12a2df0642.jpg,cat,train
http://farm2.static.flickr.com/1344/1011749488_b465af926a.jpg,cat,train
http://farm1.static.flickr.com/64/212787447_54775fb5a1.jpg,cat,train
http://farm1.static.flickr.com/20/70401320_912e4d2d73.jpg,cat,train
http://farm1.static.flickr.com/215/493515248_4c3e2780b7.jpg,cat,train
http://farm3.static.flickr.com/2055/2183020089_0e0344cd4e.jpg,cat,train
http://farm3.static.flickr.com/2118/2071493754_7f8325b511.jpg,cat,train
http://farm2.static.flickr.com/1115/1097101756_fe209e3a84.jpg,cat,train
http://farm2.static.flickr.com/1377/938629651_33bf85417e.jpg,cat,train
http://farm3.static.flickr.com/2291/1737181061_d4391a9627.jpg,cat,train
http://farm3.static.flickr.com/2181/1916815270_9dbc30fa42.jpg,cat,train
http://farm2.static.flickr.com/1023/762884983_4b9e9f53c3.jpg,cat,train
http://farm2.static.flickr.com/1115/649739480_0491b2db5e.jpg,cat,train
http://farm3.static.flickr.com/2407/1830931077_598deac980.jpg,cat,train
http://farm3.static.flickr.com/2254/2179694251_ef26b307a6.jpg,cat,train
http://farm1.static.flickr.com/204/509267567_d69597cfe0.jpg,cat,train
http://farm1.static.flickr.com/173/439909665_262dc4a0fe.jpg,cat,train
http://farm3.static.flickr.com/2057/2181919666_80cabe8d45.jpg,cat,train
http://farm1.static.flickr.com/220/508132866_4d69bae597.jpg,cat,train
http://farm3.static.flickr.com/2350/2004153940_8fc50ad06a.jpg,cat,train
http://farm2.static.flickr.com/1010/798503612_b64cc21817.jpg,cat,train
http://farm1.static.flickr.com/2/2532957_1185565845.jpg,cat,train
http://farm2.static.flickr.com/1069/1161694367_d513ab417f.jpg,cat,train
http://farm2.static.flickr.com/1387/597163670_099446b687.jpg,cat,train
http://farm3.static.flickr.com/2207/2180889468_b547ae1a5a.jpg,cat,train
http://farm1.static.flickr.com/237/452140439_7c52277e83.jpg,cat,train
http://farm3.static.flickr.com/2271/1541882092_7df1c00498.jpg,cat,train
http://farm3.static.flickr.com/2292/2135414008_967a7aebdf.jpg,cat,train
http://farm2.static.flickr.com/1285/1374093268_a124759f95.jpg,cat,train
http://farm3.static.flickr.com/2211/2198300712_453d5a9fb4.jpg,cat,train
http://farm1.static.flickr.com/78/189947216_8db2fcab7a.jpg,cat,train
http://farm1.static.flickr.com/133/396186501_265819e97b.jpg,cat,train
http://farm1.static.flickr.com/139/339697706_46ef43d3f1.jpg,cat,train
http://farm2.static.flickr.com/1009/1011749668_fc48f28767.jpg,cat,train
http://farm3.static.flickr.com/2143/1732043533_799114f4b2.jpg,cat,train
http://farm1.static.flickr.com/217/516975660_ae33b4b57b.jpg,cat,train
http://farm3.static.flickr.com/2165/1516104019_b530c585e4.jpg,cat,train
http://farm1.static.flickr.com/180/459663559_fee0873e5e.jpg,cat,train
http://farm1.static.flickr.com/112/261385585_d43b7b09c3.jpg,cat,train
http://farm3.static.flickr.com/2027/2103753994_715cd26e9c.jpg,cat,train
http://farm1.static.flickr.com/218/497844065_b3aab106d6.jpg,cat,train
http://farm1.static.flickr.com/128/416648654_8451c97001.jpg,cat,train
http://farm1.static.flickr.com/139/359658792_76c6011a76.jpg,cat,train
http://farm1.static.flickr.com/163/352182647_8222f544e5.jpg,cat,train
http://farm2.static.flickr.com/1409/1010205192_6ce1a37dc5.jpg,cat,train
http://farm2.static.flickr.com/1204/529556475_2f8a2f8b23.jpg,cat,train
http://farm1.static.flickr.com/9/75298993_347ab0387c.jpg,cat,train
http://farm2.static.flickr.com/1277/846882986_4de328b6b4.jpg,cat,train
http://farm1.static.flickr.com/152/334132664_83e5b5af38.jpg,cat,train
http://farm3.static.flickr.com/2088/2215772954_e90cf8cd88.jpg,cat,train
http://farm3.static.flickr.com/2177/1946817989_3990b900e7.jpg,cat,train
http://farm2.static.flickr.com/1057/1137546444_3ddafce68f.jpg,cat,train
http://farm3.static.flickr.com/2206/2175842690_c25f028f95.jpg,cat,train
http://farm1.static.flickr.com/121/299837288_5c84203463.jpg,cat,train
http://farm2.static.flickr.com/1183/928732762_eddd8d29af.jpg,cat,train
http://farm1.static.flickr.com/62/203822627_66cc7c0154.jpg,cat,train
http://farm2.static.flickr.com/1230/596887921_3351ff3c15.jpg,cat,train
http://farm1.static.flickr.com/136/371068935_af213116ce.jpg,cat,train
http://farm1.static.flickr.com/156/341268762_85e6f19f20.jpg,cat,train
http://farm2.static.flickr.com/1047/1181128777_1002ec5d41.jpg,cat,train
http://farm2.static.flickr.com/1163/526980964_3f1a6fa364.jpg,cat,train
http://farm1.static.flickr.com/24/62347433_f519750764.jpg,cat,train
http://farm1.static.flickr.com/136/320793638_f167ca1fc5.jpg,cat,train
http://farm3.static.flickr.com/2052/2095245869_167f4df935.jpg,cat,train
http://farm3.static.flickr.com/2073/2185538257_4623d9f7dd.jpg,cat,train
http://farm2.static.flickr.com/1049/1175251158_7c9491eb0f.jpg,cat,train
http://farm2.static.flickr.com/1190/917206849_c44eec3096.jpg,cat,train
http://farm1.static.flickr.com/98/223053154_6ac089b412.jpg,cat,train
http://farm1.static.flickr.com/188/426029501_9ad83db536.jpg,cat,train
http://farm1.static.flickr.com/100/298022772_916ace8b22.jpg,cat,train
http://farm2.static.flickr.com/1269/597189950_58638188cd.jpg,cat,train
http://farm1.static.flickr.com/151/333246955_d4b10135b5.jpg,cat,train
http://farm1.static.flickr.com/79/278124891_2114f08c99.jpg,cat,train
http://farm2.static.flickr.com/1131/838925728_5b6e50d797.jpg,cat,train
http://farm2.static.flickr.com/1063/955478132_cbd7a7df00.jpg,cat,train
http://farm3.static.flickr.com/2195/1675734483_4dab1a4cf2.jpg,cat,train
http://farm1.static.flickr.com/112/290162359_4d481ca788.jpg,cat,train
http://farm1.static.flickr.com/249/520524854_bb3e8c99d8.jpg,cat,train
http://farm2.static.flickr.com/1369/1162408779_6eb2d41a35.jpg,cat,train
http://farm3.static.flickr.com/2207/2223116765_707032dee7.jpg,cat,train
http://farm1.static.flickr.com/101/255186358_00ab7b74ae.jpg,cat,train
http://farm1.static.flickr.com/104/262886723_d776213ca3.jpg,cat,train
http://farm1.static.flickr.com/51/131841183_9f01bab747.jpg,cat,train
http://farm1.static.flickr.com/70/213052920_a715f92364.jpg,cat,train
http://farm1.static.flickr.com/190/511236141_90f36a4960.jpg,cat,train
http://farm1.static.flickr.com/27/54461669_2791e8f95e.jpg,cat,train
http://farm3.static.flickr.com/2085/1586410837_b9ce31c2b2.jpg,cat,train
http://farm2.static.flickr.com/1386/561364942_17ba57fcfc.jpg,cat,train
http://farm1.static.flickr.com/1/127952190_8500465590.jpg,cat,train
http://farm1.static.flickr.com/200/522288612_1c9d01387b.jpg,cat,train
http://farm1.static.flickr.com/53/139540077_f0673a254d.jpg,cat,train
http://farm1.static.flickr.com/48/125127076_30777623ba.jpg,cat,train
http://farm1.static.flickr.com/139/358921684_5c9e336ba6.jpg,cat,train
http://farm3.static.flickr.com/2204/2233442363_53cabf991e.jpg,cat,train
http://farm1.static.flickr.com/131/393656824_bd89c512d0.jpg,cat,train
http://farm2.static.flickr.com/1048/838077895_f28512bb4f.jpg,cat,train
http://farm2.static.flickr.com/1397/1020320535_13679b940e.jpg,cat,train
http://farm1.static.flickr.com/139/329400756_1fa8baf74d.jpg,cat,train
http://farm1.static.flickr.com/131/347285520_c9f4dc030b.jpg,cat,train
http://farm3.static.flickr.com/2288/2221097475_7786fafa7e.jpg,cat,train
http://farm3.static.flickr.com/2154/1934028279_78fd763611.jpg,cat,train
http://farm1.static.flickr.com/173/467527322_136c39849b.jpg,cat,train
http://farm2.static.flickr.com/1039/1372697816_2233d0939b.jpg,cat,train
http://farm2.static.flickr.com/1277/533444142_ca081fa036.jpg,cat,train
http://farm3.static.flickr.com/2389/2234228204_1fce30e2cc.jpg,cat,train
http://farm2.static.flickr.com/1408/697017891_77ff0d272a.jpg,cat,train
http://farm1.static.flickr.com/53/108142591_b71035a34c.jpg,cat,train
http://farm3.static.flickr.com/2250/1971410100_6ba6081358.jpg,cat,train
http://farm3.static.flickr.com/2263/1834966585_6eb2506fa3.jpg,cat,train
http://farm1.static.flickr.com/187/421790202_ca10aa5e0f.jpg,cat,train
http://farm3.static.flickr.com/2033/2078048522_51f557865c.jpg,cat,train
http://farm1.static.flickr.com/103/274365849_10fc3e8d51.jpg,cat,train
http://farm1.static.flickr.com/226/505880056_7ba7704e97.jpg,cat,train
http://farm2.static.flickr.com/1175/616118242_5025ef5f0d.jpg,cat,train
http://farm3.static.flickr.com/2386/2221085773_929057e6c3.jpg,cat,train
http://farm3.static.flickr.com/2043/2130034032_f3fd3e8b45.jpg,cat,train
http://farm1.static.flickr.com/28/66998304_09263783c9.jpg,cat,train
http://farm1.static.flickr.com/8/10932646_4585dbc01f.jpg,cat,train
http://farm1.static.flickr.com/22/29478281_687a41c197.jpg,cat,train
http://farm1.static.flickr.com/205/487583766_72fc7d078c.jpg,cat,train
http://farm3.static.flickr.com/2275/2240262634_1a0f61def3.jpg,cat,train
http://farm1.static.flickr.com/80/238200853_ab3516a271.jpg,cat,train
http://farm2.static.flickr.com/1193/691096590_548ed71bf7.jpg,cat,train
http://farm3.static.flickr.com/2017/1728803655_79f3aa5657.jpg,cat,train
http://farm1.static.flickr.com/210/454081236_ec80633461.jpg,cat,train
http://farm1.static.flickr.com/33/49606677_3e64cc676e.jpg,cat,train
http://farm2.static.flickr.com/1416/1231850593_370bb00a0f.jpg,cat,train
http://farm3.static.flickr.com/2355/2090711721_8edb16420d.jpg,cat,train
http://farm1.static.flickr.com/235/454479956_8248a758ae.jpg,cat,train
http://farm3.static.flickr.com/2321/1494619292_008d8d9201.jpg,cat,train
http://farm3.static.flickr.com/2400/1526405604_4db8c6547a.jpg,cat,train
http://farm1.static.flickr.com/205/494701000_744cc3a83a.jpg,cat,train
http://farm3.static.flickr.com/2073/2038511455_2e7e4016a7.jpg,cat,train
http://farm2.static.flickr.com/1228/542601045_ccdb194acb.jpg,cat,train
http://farm2.static.flickr.com/1373/1326762140_da4f016132.jpg,cat,train
http://farm1.static.flickr.com/176/421342300_b3afc84c9f.jpg,cat,train
http://farm2.static.flickr.com/1342/673816207_93b9ebd32c.jpg,cat,train
http://farm1.static.flickr.com/117/277865203_d513713d9d.jpg,cat,train
http://farm1.static.flickr.com/233/528034260_4025d20da6.jpg,cat,train
http://farm3.static.flickr.com/2072/2088622613_2660469c6c.jpg,cat,train
http://farm2.static.flickr.com/1262/847517807_0216d39d30.jpg,cat,train
http://farm2.static.flickr.com/1282/861774153_b4d1189962.jpg,cat,train
http://farm1.static.flickr.com/167/374626850_eb46329201.jpg,cat,train
http://farm2.static.flickr.com/1059/1147841332_c9e706eda2.jpg,cat,train
http://farm3.static.flickr.com/2125/1555904463_e508ed0241.jpg,cat,train
http://farm2.static.flickr.com/1368/1284780381_ab10c1992a.jpg,cat,train
http://farm1.static.flickr.com/99/254021770_f2a43de348.jpg,cat,train
http://farm1.static.flickr.com/68/202726676_a0796b23bd.jpg,cat,train
http://farm1.static.flickr.com/170/371069322_829c09065c.jpg,cat,train
http://farm1.static.flickr.com/60/196885432_3bca121058.jpg,cat,train
http://farm1.static.flickr.com/61/170567110_a78fc529ab.jpg,cat,train
http://farm1.static.flickr.com/45/135579916_ce5bd90475.jpg,cat,train
http://farm2.static.flickr.com/1234/691090878_ff9bf9071b.jpg,cat,train
http://farm2.static.flickr.com/1219/835393892_87b6a5e25e.jpg,cat,train
http://farm1.static.flickr.com/32/53001843_6a18cee3f5.jpg,cat,train
http://farm1.static.flickr.com/11/13585591_d5c036e9d1.jpg,cat,train
http://farm1.static.flickr.com/22/25341804_a97cc2f95a.jpg,cat,train
http://farm1.static.flickr.com/198/509803030_62b53b5053.jpg,cat,train
http://farm2.static.flickr.com/1229/899083296_736d18ae4b.jpg,cat,train
http://farm1.static.flickr.com/163/356158507_ae17d2b83d.jpg,cat,train
http://farm3.static.flickr.com/2396/1906662004_7a32214d77.jpg,cat,train
http://farm1.static.flickr.com/48/143820749_3222487921.jpg,cat,train
http://farm2.static.flickr.com/1084/801381633_042459289e.jpg,cat,train
http://farm1.static.flickr.com/123/343919093_775034cf9b.jpg,cat,train
http://farm1.static.flickr.com/74/202288291_1c1f8e7f07.jpg,cat,train
http://farm1.static.flickr.com/79/227515325_a69c5c0bf9.jpg,cat,train
http://farm2.static.flickr.com/1082/1333060689_cf9fa1900e.jpg,cat,train
http://farm1.static.flickr.com/98/257851502_1a78655da8.jpg,cat,train
http://farm2.static.flickr.com/1073/1429686045_759258c824.jpg,cat,train
http://farm1.static.flickr.com/86/209330446_f12f90131a.jpg,cat,train
http://farm1.static.flickr.com/23/41442729_9210e698c9.jpg,cat,train
http://farm2.static.flickr.com/1226/1463513976_0adb522942.jpg,cat,train
http://farm1.static.flickr.com/174/441338266_6ef76a092d.jpg,cat,train
http://farm2.static.flickr.com/1100/1050397384_e7009822c6.jpg,cat,train
http://farm1.static.flickr.com/13/18106414_b6cb2fe1f2.jpg,cat,train
http://farm1.static.flickr.com/185/365081406_8d1e77eb1a.jpg,cat,train
http://farm1.static.flickr.com/205/447550320_5aaa224b20.jpg,cat,train
http://farm2.static.flickr.com/1354/908951568_aa8100afd8.jpg,cat,train
http://farm1.static.flickr.com/49/126757815_2b56006ae3.jpg,cat,train
http://farm1.static.flickr.com/200/504495511_35fef87347.jpg,cat,train
http://farm3.static.flickr.com/2010/1497726401_7ddba4f5d9.jpg,cat,train
http://farm1.static.flickr.com/91/232039015_264d2cf08d.jpg,cat,train
http://farm2.static.flickr.com/1029/1479113570_7ab081bad0.jpg,cat,train
http://farm1.static.flickr.com/33/64993478_7d0a5326ba.jpg,cat,train
http://farm3.static.flickr.com/2075/2166882469_bf5e859256.jpg,cat,train
http://farm1.static.flickr.com/25/42241339_84d0c840de.jpg,cat,train
http://farm2.static.flickr.com/1006/532084629_3f62a6be26.jpg,cat,train
http://farm1.static.flickr.com/69/160993086_b2d8e3d618.jpg,cat,train
http://farm1.static.flickr.com/60/223217216_c9812a32b7.jpg,cat,train
http://farm3.static.flickr.com/2131/2114249611_8355c49d10.jpg,cat,train
http://farm2.static.flickr.com/1217/811329934_ac967aa7b6.jpg,cat,train
http://farm1.static.flickr.com/24/53238257_0037925651.jpg,cat,train
http://farm1.static.flickr.com/75/383039924_320a6cffcc.jpg,cat,train
http://farm2.static.flickr.com/1363/1090851825_36984823cc.jpg,cat,train
http://farm1.static.flickr.com/117/297949892_3532468343.jpg,cat,train
http://farm1.static.flickr.com/85/225191176_9b9ae00293.jpg,cat,train
http://farm1.static.flickr.com/49/112942284_3e525c90fd.jpg,cat,train
http://farm2.static.flickr.com/1061/540366828_289f9d2ea4.jpg,cat,train
http://farm3.static.flickr.com/2193/2166828739_c1d8b772e9.jpg,cat,train
http://farm2.static.flickr.com/1278/1275867458_4a61c97ec3.jpg,cat,train
http://farm2.static.flickr.com/1086/1118055962_ffe619166f.jpg,cat,train
http://farm2.static.flickr.com/1297/690151073_6fed6d2a80.jpg,cat,train
http://farm3.static.flickr.com/2121/2198594925_0cdcb4b0bc.jpg,cat,train
http://farm3.static.flickr.com/2048/1920513385_4ca27a7025.jpg,cat,train
http://farm1.static.flickr.com/200/511196353_74c4894aa1.jpg,cat,train
http://farm1.static.flickr.com/197/464579958_acedd32444.jpg,cat,train
http://farm1.static.flickr.com/117/297949888_ff727f56d0.jpg,cat,train
http://farm2.static.flickr.com/1149/909036150_6c8b1c8a6e.jpg,cat,train
http://youdirtydog.info/index_files/image14201.jpg,cat,train
http://www.off-n-trottin.com/images/Breyers%20and%20Kittens%20035.jpg,cat,train
http://www.kittybreak.com/kitties/2006-02-17_adventurer.jpg,cat,train
http://jackmaryetc.com/Travel/US/Colorado/images/052cat.jpg,cat,train
http://www.petrescuemiami.com/Cat%20Photos/ZierTigerCat.jpg,cat,train
http://catoftheday.com/archive/2000/January/19.jpg,cat,train
http://www.arar93.dsl.pipex.com/mds975/Images/c_ronald_ginger_cat_01.jpg,cat,train
http://lloydi.com/travel-writing/round-the-world-trip/country/06-thailand/04-kanchanaburi/images/manda-tiger-cub.jpg,cat,train
http://www.unknownhighway.com/images/uploads/littletigercat-12-20-07-small.jpg,cat,train
http://www.whitelightening.net/BuzzellTest/Creative/Tripp-TigerCat.jpg,cat,train
http://dbottaro.tripod.com/PhotoAlbum/CAVacation2000/TigerCat.JPG,cat,train
http://www.n-seiryo.ac.jp/%7Enonaka/hs03/k02050/tiger.jpg,cat,train
http://img.dailymail.co.uk/i/pix/2007/10_03/tigercat2BNS_468x321.jpg,cat,train
http://www.for-cats-only.com/images/mySubms/reviewFurnitureTigerBed.jpg,cat,train
http://www.mooseyscountrygarden.com/cat-dog-pictures/tabby-cat.jpg,cat,train
http://www.kittybreak.com/kitties/2006-02-18_WatchfulMamaCat.jpg,cat,train
http://www.kiesler.at/images/photoalbum/102/tiger_cat_walking.jpg,cat,train
http://www.safepets.co.uk/tiger3.JPG,cat,train
http://theatre-musical.com/travel/tigercat.jpg,cat,train
http://news.nationalgeographic.com/news/2007/03/images/070321-toygers-photos_big.jpg,cat,train
http://www.hamiltonhumane.com/pet_lists/cats/images/tiger.jpg,cat,train
http://img.dailymail.co.uk/i/pix/2007/10_03/tigercatBNS_468x380.jpg,cat,train
http://www.anyday.se/images/20070101220757_cat1.jpg,cat,train
http://www.wallpaperweb.org/wallpaper/animals/thumbnail/Curious_Cat_Siberian_Tiger.jpg,cat,train
http://www.indiantiger.org/gifs/black-footedcat-a.jpg,cat,train
http://images.art.com/images/products/large/10298000/10298902.jpg,cat,train
http://www1.istockphoto.com/file_thumbview_approve/2754709/2/istockphoto_2754709_white_tiger.jpg,cat,train
http://thescroogereport.files.wordpress.com/2007/05/chile_white_tiger_scl201.jpg,cat,train
http://www.prestigiouspaw.com/tiger_op_450x600.jpg,cat,train
http://www.stockphotospot.com/tiger-rubbing-against-a-tree-stock-photo-a66573.jpg,cat,train
http://www.spfdbus.com/JessZoo/tiger/auroara/thumbnails/tiger-aroara-017.jpg,cat,train
http://farm2.static.flickr.com/1132/1471994811_164d5a3f11.jpg,cat,train
http://farm1.static.flickr.com/205/476956230_b3900bd668.jpg,cat,train
http://farm1.static.flickr.com/132/386738725_f05b43aa50.jpg,cat,train
http://farm1.static.flickr.com/230/465514643_ed172b3d7f.jpg,cat,train
http://farm1.static.flickr.com/40/113565692_f3d86014e2.jpg,cat,train
http://static.flickr.com/71/223052812_0eaa1d7566.jpg,cat,train
http://static.flickr.com/205/503412020_e310a98fc3.jpg,cat,train
http://static.flickr.com/1163/1469500708_fadfb704c7.jpg,cat,train
http://static.flickr.com/230/464498720_373b2721a6.jpg,cat,train
http://static.flickr.com/1343/624180218_b25a37440f.jpg,cat,train
http://static.flickr.com/2264/1545107492_60c81ccd02.jpg,cat,train
http://static.flickr.com/210/452246294_97d9ed433c.jpg,cat,train
http://static.flickr.com/2259/1618956198_77d363fb96.jpg,cat,train
http://static.flickr.com/1017/624059026_414e819180.jpg,cat,train
http://static.flickr.com/1241/1095944283_17208c8595.jpg,cat,train
http://static.flickr.com/1031/846864750_22545a5e6e.jpg,cat,train
http://static.flickr.com/1369/649954784_14761d8e4b.jpg,cat,train
http://static.flickr.com/2078/1623301915_305b0703eb.jpg,cat,train
http://static.flickr.com/227/461692455_5ca4596359.jpg,cat,train
http://static.flickr.com/1150/1010884970_1aa4af4701.jpg,cat,train
http://static.flickr.com/6/5733476_9266d6999b.jpg,cat,train
http://static.flickr.com/74/223070551_857dc3264f.jpg,cat,train
http://static.flickr.com/153/433443071_a624cb32e9.jpg,cat,train
http://static.flickr.com/51/131545070_970a905e5c.jpg,cat,train
http://static.flickr.com/108/309670803_7a54834462.jpg,cat,train
http://static.flickr.com/1310/1483757053_673d892153.jpg,cat,train
http://static.flickr.com/193/450498790_2531839b40.jpg,cat,train
http://static.flickr.com/1138/570147673_400fd3669a.jpg,cat,train
http://static.flickr.com/1220/1484751958_b16fedd4c2.jpg,cat,train
http://static.flickr.com/1159/537560594_811713fffd.jpg,cat,train
http://static.flickr.com/111/255186437_b7c6f78b86.jpg,cat,train
http://static.flickr.com/24/37426080_30edeaf019.jpg,cat,train
http://static.flickr.com/1369/624045716_2a82993c9b.jpg,cat,train
http://static.flickr.com/2385/1775915054_554af9fdd7.jpg,cat,train
http://static.flickr.com/1098/906136225_7b8c524b27.jpg,cat,train
http://static.flickr.com/245/457682806_342cbe466d.jpg,cat,train
http://static.flickr.com/53/136562493_d7e2b71d6f.jpg,cat,train
http://static.flickr.com/1091/567276998_81dbee8ec0.jpg,cat,train
http://static.flickr.com/1010/983238470_d2764b4eba.jpg,cat,train
http://static.flickr.com/2412/1504121716_6135044dd4.jpg,cat,train
http://static.flickr.com/118/269391254_6d621ec1e2.jpg,cat,train
http://beccalou.com/blogimages/SleepingKitties01.jpg,cat,train
http://farm1.static.flickr.com/208/520353153_de2875eb0a.jpg,cat,train
http://farm2.static.flickr.com/1189/1086028937_54d2b2a5e4.jpg,cat,train
http://farm1.static.flickr.com/32/94724274_83d737feec.jpg,cat,train
http://farm1.static.flickr.com/82/218332367_1fb55e8da9.jpg,cat,train
http://farm1.static.flickr.com/58/178552778_3d8c84d090.jpg,cat,train
http://farm1.static.flickr.com/140/358940469_786d4c64d7.jpg,cat,train
http://farm3.static.flickr.com/2400/1926967076_832ab6ceaa.jpg,cat,train
http://farm3.static.flickr.com/2040/2214498141_79d25c6611.jpg,cat,train
http://farm1.static.flickr.com/56/125127356_4ee7bde116.jpg,cat,train
http://farm1.static.flickr.com/31/88610051_f5358e9d85.jpg,cat,train
http://farm3.static.flickr.com/2215/2101885301_60bd3d4654.jpg,cat,train
http://farm3.static.flickr.com/2420/1969450512_ad28bec6a6.jpg,cat,train
http://farm1.static.flickr.com/24/42134687_2dcbca7ea1.jpg,cat,train
http://farm2.static.flickr.com/1006/1371037229_0cf1df9135.jpg,cat,train
http://farm2.static.flickr.com/1074/1140760871_35351b03c5.jpg,cat,train
http://farm1.static.flickr.com/232/456928459_bad69ac884.jpg,cat,train
http://farm2.static.flickr.com/1049/1425549611_ee600950f7.jpg,cat,train
http://farm1.static.flickr.com/32/55551397_24ad25c8be.jpg,cat,train
http://farm1.static.flickr.com/21/30402229_d3c45d0b63.jpg,cat,train
http://farm3.static.flickr.com/2266/1587917212_cc96feb0ab.jpg,cat,train
http://farm2.static.flickr.com/1330/596925517_a05215a375.jpg,cat,train
http://farm1.static.flickr.com/177/450053259_d389c7d9ea.jpg,cat,train
http://farm1.static.flickr.com/23/32273118_b2e68f566d.jpg,cat,train
http://farm1.static.flickr.com/64/230969738_689a138f92.jpg,cat,train
http://farm1.static.flickr.com/52/129880739_47ef4d064c.jpg,cat,train
http://farm1.static.flickr.com/153/358921562_e25275e771.jpg,cat,train
http://farm1.static.flickr.com/24/63785988_c16c10b4e5.jpg,cat,train
http://farm1.static.flickr.com/24/103392464_9743e196fb.jpg,cat,train
http://farm2.static.flickr.com/1102/1484610510_2992aa16bf.jpg,cat,train
http://farm1.static.flickr.com/42/123580403_4a7dffa10a.jpg,cat,train
http://farm1.static.flickr.com/228/466024622_e9c3fa295d.jpg,cat,train
http://farm1.static.flickr.com/207/509807655_0be4c6921f.jpg,cat,train
http://farm1.static.flickr.com/4/7271769_8e95684683.jpg,cat,train
http://farm1.static.flickr.com/168/367095400_35a3be47cc.jpg,cat,train
http://farm1.static.flickr.com/69/165606472_b162981046.jpg,cat,train
http://farm1.static.flickr.com/229/498439925_56105ec829.jpg,cat,train
http://farm1.static.flickr.com/31/67872666_3a1438cca4.jpg,cat,train
http://farm1.static.flickr.com/52/161027171_e3be4ceddb.jpg,cat,train
http://farm1.static.flickr.com/4/5733484_a458450d64.jpg,cat,train
http://farm1.static.flickr.com/111/256675808_8f1378ed26.jpg,cat,train
http://farm1.static.flickr.com/93/216295937_2ad06fb72e.jpg,cat,train
http://farm2.static.flickr.com/1307/1171972141_6975842eae.jpg,cat,train
http://farm1.static.flickr.com/138/371069587_d70fe0713b.jpg,cat,train
http://farm1.static.flickr.com/248/456913874_a4c5dab950.jpg,cat,train
http://farm3.static.flickr.com/2308/1591151943_db53f18894.jpg,cat,train
http://farm3.static.flickr.com/2116/2080864702_4ed05238fc.jpg,cat,train
http://farm3.static.flickr.com/2001/2000521333_f534d1d702.jpg,cat,train
http://farm2.static.flickr.com/1354/898500300_8cc2a6a0c2.jpg,cat,train
http://farm1.static.flickr.com/214/464759752_9c09d289fe.jpg,cat,train
http://farm1.static.flickr.com/45/130028450_3bea7e5120.jpg,cat,train
http://farm1.static.flickr.com/146/361715964_17ce3f6b18.jpg,cat,train
http://farm1.static.flickr.com/48/133807327_5638ae5eae.jpg,cat,train
http://farm1.static.flickr.com/25/40489215_3c98e1b7de.jpg,cat,train
http://farm3.static.flickr.com/2257/1600856989_835664ad28.jpg,cat,train
http://farm1.static.flickr.com/163/345925901_d5865b2585.jpg,cat,train
http://farm1.static.flickr.com/213/505539125_d7193beb76.jpg,cat,train
http://farm2.static.flickr.com/1108/925773657_640e143da8.jpg,cat,train
http://farm2.static.flickr.com/1190/525121964_3968192858.jpg,cat,train
http://farm3.static.flickr.com/2046/2094517433_9761938bbe.jpg,cat,train
http://farm1.static.flickr.com/110/276602119_f6e0ed229d.jpg,cat,train
http://farm2.static.flickr.com/1428/623352147_c30164b0c1.jpg,cat,train
http://farm1.static.flickr.com/177/469376607_5a1f033463.jpg,cat,train
http://farm2.static.flickr.com/1065/525123674_9b6761d7cd.jpg,cat,train
http://farm1.static.flickr.com/3/2532956_1bba28187c.jpg,cat,train
http://farm1.static.flickr.com/52/139540076_64446dd631.jpg,cat,train
http://farm1.static.flickr.com/50/143820538_4337b119d9.jpg,cat,train
http://farm1.static.flickr.com/166/339533190_9cf17b4d96.jpg,cat,train
http://farm2.static.flickr.com/1148/1015160097_c4103501de.jpg,cat,train
http://farm1.static.flickr.com/21/25341801_43be0d81fc.jpg,cat,train
http://farm1.static.flickr.com/166/411964593_eda66f129a.jpg,cat,train
http://farm3.static.flickr.com/2127/1844762481_4869ddb7c1.jpg,cat,train
http://farm1.static.flickr.com/32/57544243_15077074ca.jpg,cat,train
http://farm1.static.flickr.com/160/345595002_74b5cf3068.jpg,cat,train
http://farm3.static.flickr.com/2341/2187709529_637f4b1ea1.jpg,cat,train
http://farm1.static.flickr.com/158/433441976_dc6935c8e5.jpg,cat,train
http://farm1.static.flickr.com/33/57534463_ccc770075a.jpg,cat,train
http://farm1.static.flickr.com/24/42584669_6ab87d4ca1.jpg,cat,train
http://farm1.static.flickr.com/211/512450139_d5befa3160.jpg,cat,train
http://farm3.static.flickr.com/2163/2201221380_b8ef18bbcb.jpg,cat,train
http://farm1.static.flickr.com/35/371070650_c528dd7621.jpg,cat,train
http://farm2.static.flickr.com/1199/530333817_61ed9739f1.jpg,cat,train
http://farm1.static.flickr.com/208/510864988_425996c143.jpg,cat,train
http://farm1.static.flickr.com/135/327100037_76e397a66f.jpg,cat,train
http://farm2.static.flickr.com/1367/1074598047_9c49d82aca.jpg,cat,train
http://farm1.static.flickr.com/45/126102069_41456b04bd.jpg,cat,train
http://farm1.static.flickr.com/28/53001842_6027a96769.jpg,cat,train
http://farm2.static.flickr.com/1418/663418041_3f7c77d19a.jpg,cat,test
http://farm3.static.flickr.com/2297/2156521163_f7d45b6f6e.jpg,cat,test
http://farm1.static.flickr.com/217/495308681_e317861b3e.jpg,cat,test
http://farm3.static.flickr.com/2192/2071455892_689f59db15.jpg,cat,test
http://farm1.static.flickr.com/92/218249723_c0dd3872f6.jpg,cat,test
http://farm1.static.flickr.com/53/141659362_9f9dfb6782.jpg,cat,test
http://farm1.static.flickr.com/116/366292337_d69effc0f7.jpg,cat,test
http://farm1.static.flickr.com/25/42134688_8fcef55dbf.jpg,cat,test
http://farm1.static.flickr.com/168/381333292_addc8df1df.jpg,cat,test
http://farm1.static.flickr.com/14/16135136_262b1e984d.jpg,cat,test
http://farm1.static.flickr.com/65/185728755_53d16da171.jpg,cat,test
http://farm1.static.flickr.com/195/464580812_9a84a39d97.jpg,cat,test
http://farm1.static.flickr.com/31/42226183_a7407e5008.jpg,cat,test
http://farm3.static.flickr.com/2414/2136995021_2b7d3a6f45.jpg,cat,test
http://farm2.static.flickr.com/1311/803975840_0c65465c81.jpg,cat,test
http://farm1.static.flickr.com/33/41775356_59e1d64431.jpg,cat,test
http://farm1.static.flickr.com/112/298845523_84a02f7bac.jpg,cat,test
http://farm1.static.flickr.com/104/304734931_a05b9353a3.jpg,cat,test
http://farm1.static.flickr.com/104/300581891_e9a14e195a.jpg,cat,test
http://farm3.static.flickr.com/2160/2046446058_d5e5b2cb61.jpg,cat,test
http://farm2.static.flickr.com/1017/778132371_aabe7d2876.jpg,cat,test
http://farm3.static.flickr.com/2346/2088675755_f68f637f20.jpg,cat,test
http://farm3.static.flickr.com/2264/1745965562_52bcfbc653.jpg,cat,test
http://farm3.static.flickr.com/2202/2046753192_b033c7a586.jpg,cat,test
http://farm1.static.flickr.com/28/64486923_5e33b6db60.jpg,cat,test
http://farm2.static.flickr.com/1225/1106795227_e1e24ce29c.jpg,cat,test
http://farm3.static.flickr.com/2004/2041806579_e4a7f31b32.jpg,cat,test
http://farm1.static.flickr.com/26/39573060_d9735440cb.jpg,cat,test
http://farm2.static.flickr.com/1241/763072093_f6d4ab4518.jpg,cat,test
http://farm2.static.flickr.com/1101/1277930406_89098c53dd.jpg,cat,test
http://farm3.static.flickr.com/2247/2087049628_381e2034e1.jpg,cat,test
http://farm1.static.flickr.com/186/439893681_babdd5ae3d.jpg,cat,test
http://farm2.static.flickr.com/1012/530294944_83b401cc6a.jpg,cat,test
http://farm1.static.flickr.com/10/15820790_eb03e0c6fc.jpg,cat,test
http://farm1.static.flickr.com/60/161008951_c85a3e5128.jpg,cat,test
http://farm1.static.flickr.com/120/283032138_3c9a892d25.jpg,cat,test
http://farm1.static.flickr.com/41/112682674_9baac5dad3.jpg,cat,test
http://farm3.static.flickr.com/2182/2130853705_7762d01eae.jpg,cat,test
http://farm1.static.flickr.com/37/82177798_43ddc48885.jpg,cat,test
http://farm2.static.flickr.com/1098/964680081_22d67a2416.jpg,cat,test
http://farm2.static.flickr.com/1264/778267281_8d3e27caa6.jpg,cat,test
http://farm1.static.flickr.com/210/504001750_122db89bdb.jpg,cat,test
http://farm3.static.flickr.com/2177/2167962061_2f1e3a4398.jpg,cat,test
http://farm2.static.flickr.com/1179/527455280_07617e3ffb.jpg,cat,test
http://farm1.static.flickr.com/146/435628810_a6b6f99454.jpg,cat,test
http://farm1.static.flickr.com/2/3156111_a9dba42579.jpg,cat,test
http://farm3.static.flickr.com/2349/1731826533_0dd2c03a78.jpg,cat,test
http://farm1.static.flickr.com/175/428354258_03b6ee38b7.jpg,cat,test
http://farm3.static.flickr.com/2267/1531265150_52eebb5101.jpg,cat,test
http://farm1.static.flickr.com/162/410728656_03daff1602.jpg,cat,test
http://farm3.static.flickr.com/2323/1511949988_df645b0815.jpg,cat,test
http://farm3.static.flickr.com/2133/2233999520_1c493de45c.jpg,cat,test
http://farm1.static.flickr.com/50/125336040_569fa825b0.jpg,cat,test
http://farm1.static.flickr.com/42/100970828_a2e6ade482.jpg,cat,test
http://farm3.static.flickr.com/2384/2100972415_c4c97d74fe.jpg,cat,test
http://farm3.static.flickr.com/2191/2114871796_c9ff2992fc.jpg,cat,test
http://farm3.static.flickr.com/2012/2229414874_ed4524d3dd.jpg,cat,test
http://farm2.static.flickr.com/1290/1382679537_fef06281a9.jpg,cat,test
http://farm1.static.flickr.com/101/261385269_5f0e6578b2.jpg,cat,test
http://farm2.static.flickr.com/1368/530227296_288d64944f.jpg,cat,test
http://farm1.static.flickr.com/161/338883447_52150d3aab.jpg,cat,test
http://farm2.static.flickr.com/1428/776126883_5bce88df32.jpg,cat,test
http://farm1.static.flickr.com/15/19599643_8bf721c66a.jpg,cat,test
http://farm3.static.flickr.com/2390/2208405142_cd5801b9de.jpg,cat,test
http://farm1.static.flickr.com/207/502335523_a27cc49840.jpg,cat,test
http://farm1.static.flickr.com/157/339543799_cc5813505e.jpg,cat,test
http://farm3.static.flickr.com/2108/2223118001_dd20a949f7.jpg,cat,test
http://farm3.static.flickr.com/2315/2220376711_a5e5ee3d81.jpg,cat,test
http://farm2.static.flickr.com/1098/1251894244_e30cd194c5.jpg,cat,test
http://farm1.static.flickr.com/168/479775027_fbc2e23970.jpg,cat,test
http://farm3.static.flickr.com/2136/2053642974_da6791e91f.jpg,cat,test
http://farm1.static.flickr.com/225/494700298_6d650319d2.jpg,cat,test
http://farm2.static.flickr.com/1304/1065639116_70b678b7a2.jpg,cat,test
http://farm1.static.flickr.com/53/120259010_5d0791c5fe.jpg,cat,test
http://farm3.static.flickr.com/2409/2115133686_808ce0a5a5.jpg,cat,test
http://farm1.static.flickr.com/220/498398268_aae3009df3.jpg,cat,test
http://farm1.static.flickr.com/71/432509004_574c88c567.jpg,cat,test
http://farm2.static.flickr.com/1205/1382246820_a5f4d43ad0.jpg,cat,test
http://farm2.static.flickr.com/1141/888742668_33b07f50ac.jpg,cat,test
http://farm3.static.flickr.com/2023/2219782724_282abe79b7.jpg,cat,test
http://farm2.static.flickr.com/1425/1095983024_2ce1dcb2f6.jpg,cat,test
http://farm2.static.flickr.com/1050/1130458060_b77117482a.jpg,cat,test
http://farm1.static.flickr.com/4/6170850_a262e64099.jpg,cat,test
http://farm3.static.flickr.com/2344/2223297783_5a52ccde78.jpg,cat,test
http://farm2.static.flickr.com/1011/938480428_de707cc5e3.jpg,cat,test
http://farm1.static.flickr.com/232/465423833_3a7229f251.jpg,cat,test
http://farm3.static.flickr.com/2066/1801833455_88ea90b7d5.jpg,cat,test
http://farm1.static.flickr.com/36/98705477_fa4d6f1583.jpg,cat,test
http://farm1.static.flickr.com/46/129440375_9eab70b0fe.jpg,cat,test
http://farm3.static.flickr.com/2148/2121141374_a7926b616c.jpg,cat,test
http://farm1.static.flickr.com/43/92019032_a4a5367bb8.jpg,cat,test
http://farm3.static.flickr.com/2130/2080082663_44fb124ce0.jpg,cat,test
http://farm1.static.flickr.com/137/324927718_21eaa734ce.jpg,cat,test
http://farm1.static.flickr.com/146/350588612_d84d71cc59.jpg,cat,test
http://farm2.static.flickr.com/1147/1083880130_e701a23a0d.jpg,cat,test
http://farm1.static.flickr.com/41/77210967_c2dc57e535.jpg,cat,test
http://farm3.static.flickr.com/2073/2146571469_750ac4c84e.jpg,cat,test
http://farm2.static.flickr.com/1025/998182751_c8f59e618e.jpg,cat,test
http://farm2.static.flickr.com/1397/1129508685_d2bf1e70a5.jpg,cat,test
http://farm1.static.flickr.com/195/522713053_e27cc40632.jpg,cat,test
http://farm1.static.flickr.com/77/195541676_2949d7cc58.jpg,cat,val
http://farm1.static.flickr.com/88/262255460_0bb183a463.jpg,cat,val
http://farm1.static.flickr.com/53/126564047_b929724c89.jpg,cat,val
http://farm1.static.flickr.com/64/184943010_d0422d720b.jpg,cat,val
http://farm1.static.flickr.com/139/348423737_92bacd1f57.jpg,cat,val
http://farm2.static.flickr.com/1351/818200588_c865da1bec.jpg,cat,val
http://farm1.static.flickr.com/35/98143589_7b68a681da.jpg,cat,val
http://farm3.static.flickr.com/2128/2102976045_289d3c9471.jpg,cat,val
http://farm2.static.flickr.com/1396/1405479296_1881bb5598.jpg,cat,val
http://farm1.static.flickr.com/150/374626855_8ddc64a19c.jpg,cat,val
http://farm3.static.flickr.com/2083/2206140101_d64a7e3767.jpg,cat,val
http://farm2.static.flickr.com/1005/809663020_7ce9d0899f.jpg,cat,val
http://farm1.static.flickr.com/188/404104724_68c501b918.jpg,cat,val
http://farm1.static.flickr.com/129/358922730_43d0ab8d2b.jpg,cat,val
http://farm2.static.flickr.com/1134/797631309_5408bfa84e.jpg,cat,val
http://farm1.static.flickr.com/249/520562987_e5a8ca1b73.jpg,cat,val
http://farm1.static.flickr.com/206/494096831_1ef3925f86.jpg,cat,val
http://farm3.static.flickr.com/2332/2201652923_766bb7a213.jpg,cat,val
http://farm1.static.flickr.com/164/357584034_3759695ec1.jpg,cat,val
http://farm1.static.flickr.com/230/457265633_d279d682cf.jpg,cat,val
http://farm2.static.flickr.com/1369/1230938727_7eaf8a8718.jpg,cat,val
http://farm2.static.flickr.com/1437/927881425_8084c41b41.jpg,cat,val
http://farm1.static.flickr.com/25/39351075_8ab1552d3e.jpg,cat,val
http://farm2.static.flickr.com/1121/803975874_457416a7eb.jpg,cat,val
http://farm3.static.flickr.com/2322/2221095383_6fb6fff22e.jpg,cat,val
http://farm1.static.flickr.com/44/125161209_fef9585a6a.jpg,cat,val
http://farm3.static.flickr.com/2038/2157560924_19876ea4a2.jpg,cat,val
http://farm2.static.flickr.com/1240/565212134_50554dda2d.jpg,cat,val
http://farm1.static.flickr.com/103/306406399_f13c110e01.jpg,cat,val
http://farm3.static.flickr.com/2363/2177470718_afc06518c6.jpg,cat,val
http://farm2.static.flickr.com/1262/908581714_af7386bb13.jpg,cat,val
http://farm1.static.flickr.com/227/495300082_3154ca61aa.jpg,cat,val
http://farm3.static.flickr.com/2403/2151918390_d8c2dc0a62.jpg,cat,val
http://farm3.static.flickr.com/2126/2090435515_841c4a1b6a.jpg,cat,val
http://farm1.static.flickr.com/27/57455726_8ccf14753f.jpg,cat,val
http://farm3.static.flickr.com/2419/2142439026_638347bbcd.jpg,cat,val
http://farm2.static.flickr.com/1156/596909911_70b76c309a.jpg,cat,val
http://farm1.static.flickr.com/238/461691100_5b9d9b1fea.jpg,cat,val
http://farm1.static.flickr.com/26/54452247_22e1cff358.jpg,cat,val
http://farm1.static.flickr.com/120/260448163_03c2748acd.jpg,cat,val
http://farm1.static.flickr.com/112/305243094_c72218bdd0.jpg,cat,val
http://farm1.static.flickr.com/138/347227923_11052bff23.jpg,cat,val
http://farm1.static.flickr.com/83/249453170_9e8a4bec80.jpg,cat,val
http://farm2.static.flickr.com/1125/1130279286_f9ce88205a.jpg,cat,val
http://farm1.static.flickr.com/22/33524095_c9573d494e.jpg,cat,val
http://farm1.static.flickr.com/43/114574077_d5167cfc70.jpg,cat,val
http://farm1.static.flickr.com/159/389467095_da75cf2cb7.jpg,cat,val
http://farm1.static.flickr.com/48/107802269_d1ab8f4a81.jpg,cat,val
http://farm1.static.flickr.com/185/426029368_3a9612f006.jpg,cat,val
http://farm1.static.flickr.com/58/157223424_ea4d801c30.jpg,cat,val
http://farm1.static.flickr.com/24/54453125_ac74c8ba1d.jpg,cat,val
http://farm1.static.flickr.com/202/442410088_1da184820c.jpg,cat,val
http://farm1.static.flickr.com/32/99029168_940da3a1e5.jpg,cat,val
http://farm1.static.flickr.com/121/311760015_e0c83a8619.jpg,cat,val
http://farm3.static.flickr.com/2059/2080864876_00c37bf84b.jpg,cat,val
http://farm2.static.flickr.com/1223/1090859723_50f1dcc9c4.jpg,cat,val
http://farm2.static.flickr.com/1133/1141687717_890fe14d8e.jpg,cat,val
http://farm3.static.flickr.com/2144/2219331270_6699b6dfcd.jpg,cat,val
http://farm1.static.flickr.com/174/431279981_c07df2ca60.jpg,cat,val
http://farm1.static.flickr.com/36/97967170_ebd8c6bc5d.jpg,cat,val
http://farm2.static.flickr.com/1421/808783922_0086c2de75.jpg,cat,val
http://farm1.static.flickr.com/77/171490533_1e91064a8f.jpg,cat,val
http://farm1.static.flickr.com/175/436769703_a24a4bc7db.jpg,cat,val
http://farm1.static.flickr.com/62/204035942_de0d323af5.jpg,cat,val
http://farm2.static.flickr.com/1248/846876518_9a9003ce78.jpg,cat,val
http://farm2.static.flickr.com/1215/527070993_77c53e3222.jpg,cat,val
http://farm1.static.flickr.com/64/223719863_260be6e242.jpg,cat,val
http://farm1.static.flickr.com/59/203513295_3a2d83bbc1.jpg,cat,val
http://farm1.static.flickr.com/226/463035429_34de7fcad7.jpg,cat,val
http://farm1.static.flickr.com/181/439863567_248a675c6d.jpg,cat,val
http://farm2.static.flickr.com/1035/537617436_82e345ce05.jpg,cat,val
http://farm1.static.flickr.com/37/155404721_06f2441f3c.jpg,cat,val
http://farm1.static.flickr.com/53/119292984_a34298fd15.jpg,cat,val
http://farm3.static.flickr.com/2245/1972050799_f63e09067f.jpg,cat,val
http://farm1.static.flickr.com/221/513355862_0542a84fa0.jpg,cat,val
http://farm3.static.flickr.com/2349/2233444749_1f92c62f5f.jpg,cat,val
http://farm2.static.flickr.com/1157/1112640457_401418ec93.jpg,cat,val
http://farm1.static.flickr.com/202/471573199_68eb6d3714.jpg,cat,val
http://farm3.static.flickr.com/2272/2231206003_461ba2b7b9.jpg,cat,val
http://farm1.static.flickr.com/48/143820421_a21d14ab84.jpg,cat,val
http://farm2.static.flickr.com/1015/1323581252_5cd7421812.jpg,cat,val
http://farm1.static.flickr.com/236/447451822_a71f1d5385.jpg,cat,val
http://farm3.static.flickr.com/2002/2080082253_bdb7b2e4f4.jpg,cat,val
http://farm1.static.flickr.com/2/1555495_bac338b3d1.jpg,cat,val
http://farm2.static.flickr.com/1172/1323667952_a7a74975c4.jpg,cat,val
http://farm2.static.flickr.com/1192/891831582_0283187655.jpg,cat,val
http://farm1.static.flickr.com/42/84450056_bb5974a64f.jpg,cat,val
http://farm1.static.flickr.com/226/504761099_f551dcc330.jpg,cat,val
http://farm1.static.flickr.com/160/403770931_228ca9dd3e.jpg,cat,val
http://farm2.static.flickr.com/1170/737936987_3873a7ee14.jpg,cat,val
http://farm2.static.flickr.com/1083/1368039699_fa0b65be65.jpg,cat,val
http://farm2.static.flickr.com/1115/1041842900_1c5202b05c.jpg,cat,val
http://farm1.static.flickr.com/200/441068932_8915b6de4c.jpg,cat,val
http://farm3.static.flickr.com/2324/2017893587_55d8632dda.jpg,cat,val
http://farm2.static.flickr.com/1373/778142671_b39d893f71.jpg,cat,val
http://farm2.static.flickr.com/1159/662340663_cd05acf9e8.jpg,cat,val
http://farm2.static.flickr.com/1230/1343375875_a912924270.jpg,cat,val
http://farm2.static.flickr.com/1022/623149586_d39bf645da.jpg,cat,val
http://farm2.static.flickr.com/1231/807830865_643e54b593.jpg,cat,val
http://farm2.static.flickr.com/1094/917183971_3edd2819c3.jpg,cat,val
http://farm3.static.flickr.com/2633/4076334999_c65fb38cae.jpg,fish,train
http://farm4.static.flickr.com/3275/2906860844_4a4f7f2fed.jpg,fish,train
http://farm4.static.flickr.com/3209/2926292231_2e6038e605.jpg,fish,train
http://farm3.static.flickr.com/2530/4191821586_e9e4c37f48.jpg,fish,train
http://farm4.static.flickr.com/3425/3839143053_a798f63ec1.jpg,fish,train
http://farm3.static.flickr.com/2454/3933488784_32aaa80087.jpg,fish,train
http://farm3.static.flickr.com/2284/2705323528_d6a5854f8e.jpg,fish,train
http://farm1.static.flickr.com/38/123556644_412cd0beae.jpg,fish,train
http://farm2.static.flickr.com/1352/1095938485_80b11c5e6d.jpg,fish,train
http://farm1.static.flickr.com/42/118495799_68dc1c15ed.jpg,fish,train
http://farm1.static.flickr.com/88/219291100_8d3b25c845.jpg,fish,train
http://farm1.static.flickr.com/24/100667576_69fda74c76.jpg,fish,train
http://farm2.static.flickr.com/1384/874260536_9885356bdf.jpg,fish,train
http://farm1.static.flickr.com/80/230483633_ca6b205540.jpg,fish,train
http://farm4.static.flickr.com/3001/2776498771_20527f258b.jpg,fish,train
http://farm1.static.flickr.com/51/130620683_be00d03c2f.jpg,fish,train
http://farm4.static.flickr.com/3139/2927004642_859ac8b6a3.jpg,fish,train
http://farm4.static.flickr.com/3018/2795782208_8a3e724c25.jpg,fish,train
http://farm1.static.flickr.com/87/226606581_5529cf1c3d.jpg,fish,train
http://farm4.static.flickr.com/3253/2977999235_13dff038aa.jpg,fish,train
http://farm1.static.flickr.com/100/293220857_70bae15eba.jpg,fish,train
http://farm4.static.flickr.com/3193/2853492613_c6e36df119.jpg,fish,train
http://farm4.static.flickr.com/3159/2824589595_07ee2443a3.jpg,fish,train
http://farm4.static.flickr.com/3140/2899948086_15bccfa497.jpg,fish,train
http://farm4.static.flickr.com/3206/2970698030_1021311f52.jpg,fish,train
http://farm4.static.flickr.com/3188/2982226969_539f035ed7.jpg,fish,train
http://farm2.static.flickr.com/1392/1357690499_7d30873fed.jpg,fish,train
http://farm2.static.flickr.com/1125/1348034256_cc50f5b446.jpg,fish,train
http://farm3.static.flickr.com/2086/2405757805_caa556e94e.jpg,fish,train
http://farm2.static.flickr.com/1054/675194122_0b0d7e7f36.jpg,fish,train
http://farm4.static.flickr.com/3081/2777786461_51c3191b59.jpg,fish,train
http://farm3.static.flickr.com/2416/1833444691_dc3d1017db.jpg,fish,train
http://farm1.static.flickr.com/74/189506304_7219d423fb.jpg,fish,train
http://farm3.static.flickr.com/2077/1834276056_4e86bacfe3.jpg,fish,train
http://farm2.static.flickr.com/1219/1356959230_861f09dd1e.jpg,fish,train
http://farm1.static.flickr.com/52/126342894_10e76a6718.jpg,fish,train
http://farm2.static.flickr.com/1231/1455910975_07315bf34e.jpg,fish,train
http://farm1.static.flickr.com/31/47262196_51796fea66.jpg,fish,train
http://farm1.static.flickr.com/25/50021472_5baf5555dd.jpg,fish,train
http://farm1.static.flickr.com/119/311107426_3054bddf7d.jpg,fish,train
http://farm1.static.flickr.com/110/311107423_ab4acae592.jpg,fish,train
http://farm2.static.flickr.com/1115/1320923967_3f90a5723e.jpg,fish,train
http://farm2.static.flickr.com/1424/747119762_615603a9a0.jpg,fish,train
http://farm1.static.flickr.com/27/50021432_654abf2cfc.jpg,fish,train
http://farm4.static.flickr.com/3019/2982051496_c241ae3b82.jpg,fish,train
http://farm3.static.flickr.com/2148/1877554840_fe94aaa7d1.jpg,fish,train
http://farm4.static.flickr.com/3235/2988483435_57d291ca5e.jpg,fish,train
http://farm1.static.flickr.com/71/219297194_1e9cbcc205.jpg,fish,train
http://farm1.static.flickr.com/40/94494709_1b44a1f550.jpg,fish,train
http://farm1.static.flickr.com/97/219213209_9eb40036c0.jpg,fish,train
http://farm1.static.flickr.com/26/41645792_684cf4e401.jpg,fish,train
http://farm1.static.flickr.com/44/121575564_c1385979f8.jpg,fish,train
http://farm2.static.flickr.com/1377/1438308486_86ab656e7d.jpg,fish,train
http://farm4.static.flickr.com/3238/2790333152_11d02d635c.jpg,fish,train
http://farm4.static.flickr.com/3183/2873238453_a0e67c4fb3.jpg,fish,train
http://farm1.static.flickr.com/79/233477721_0126cc0331.jpg,fish,train
http://farm4.static.flickr.com/3286/2763824044_14be07e601.jpg,fish,train
http://farm4.static.flickr.com/3231/2695734395_bea8357ec8.jpg,fish,train
http://farm2.static.flickr.com/1112/1386735037_9d1dc598d2.jpg,fish,train
http://farm4.static.flickr.com/3158/2745189412_20af08e56a.jpg,fish,train
http://farm3.static.flickr.com/2056/2021607548_e0835d3552.jpg,fish,train
http://farm2.static.flickr.com/1312/1287462891_f1a3e27b50.jpg,fish,train
http://farm3.static.flickr.com/2374/1607385798_d6d94313d5.jpg,fish,train
http://farm1.static.flickr.com/142/317885000_c0b68ca1d5.jpg,fish,train
http://farm4.static.flickr.com/3294/2940381465_ab4313d02b.jpg,fish,train
http://farm2.static.flickr.com/1322/1348044264_3e0ed6611e.jpg,fish,train
http://farm4.static.flickr.com/3060/2560656203_63fa5a0716.jpg,fish,train
http://farm3.static.flickr.com/2337/1609017629_a3bb518d1c.jpg,fish,train
http://farm3.static.flickr.com/2189/2095392843_fa8db06a24.jpg,fish,train
http://farm4.static.flickr.com/3183/2791133165_5df1d47be5.jpg,fish,train
http://farm4.static.flickr.com/3272/2790329208_cb5d9d54a1.jpg,fish,train
http://farm3.static.flickr.com/2173/2096110476_9ffd556a7e.jpg,fish,train
http://farm4.static.flickr.com/3088/2776496087_1973f8dced.jpg,fish,train
http://farm1.static.flickr.com/91/273635028_64f03c6389.jpg,fish,train
http://farm1.static.flickr.com/95/235148644_2ab294cdc4.jpg,fish,train
http://farm1.static.flickr.com/157/375135916_e5bb539363.jpg,fish,train
http://farm3.static.flickr.com/2148/2326716705_4aebb9c2be.jpg,fish,train
http://farm3.static.flickr.com/2023/1782113430_eb24eeacda.jpg,fish,train
http://farm1.static.flickr.com/129/329189882_cdcf12e7ed.jpg,fish,train
http://farm1.static.flickr.com/77/226606269_a9e99c18ca.jpg,fish,train
http://farm1.static.flickr.com/90/250035490_58d9161506.jpg,fish,train
http://farm2.static.flickr.com/1163/1328690550_af16f9b000.jpg,fish,train
http://farm1.static.flickr.com/33/37187967_c84b761d8e.jpg,fish,train
http://farm4.static.flickr.com/3066/2916951063_5904e6edcb.jpg,fish,train
http://farm1.static.flickr.com/210/473533969_ada9207790.jpg,fish,train
http://farm4.static.flickr.com/3124/2686298442_6e9301c45f.jpg,fish,train
http://farm2.static.flickr.com/1103/1347770617_bbce95ab66.jpg,fish,train
http://farm4.static.flickr.com/3030/2531962886_0121d2efef.jpg,fish,train
http://farm2.static.flickr.com/1311/1364739654_fda259c0a4.jpg,fish,train
http://farm1.static.flickr.com/51/119325166_a1ed8b9c57.jpg,fish,train
http://farm4.static.flickr.com/3269/3027122971_5c05827369.jpg,fish,train
http://farm4.static.flickr.com/3124/2927008448_bd65bc10ce.jpg,fish,train
http://farm3.static.flickr.com/2255/1793908287_5e6f370b1f.jpg,fish,train
http://farm4.static.flickr.com/3125/2735981970_c5063d535b.jpg,fish,train
http://farm1.static.flickr.com/30/38938964_70986a086f.jpg,fish,train
http://farm2.static.flickr.com/1328/829357788_035ec8a6d4.jpg,fish,train
http://farm1.static.flickr.com/98/205154296_c945f19688.jpg,fish,train
http://farm1.static.flickr.com/83/226606248_6e59739575.jpg,fish,train
http://farm4.static.flickr.com/3224/2777354896_176a518b8c.jpg,fish,train
http://farm2.static.flickr.com/1103/840200833_be72b99848.jpg,fish,train
http://farm4.static.flickr.com/3187/2982090768_b4f86cdc8c.jpg,fish,train
http://farm1.static.flickr.com/137/326775746_38b7fe2ac8.jpg,fish,train
http://farm4.static.flickr.com/3251/3016630693_2651bc2e8a.jpg,fish,train
http://farm2.static.flickr.com/1224/1321809266_35b2951ea2.jpg,fish,train
http://farm1.static.flickr.com/85/250233386_5ac442017b.jpg,fish,train
http://farm4.static.flickr.com/3122/2745192620_072f9c3215.jpg,fish,train
http://farm3.static.flickr.com/2047/1792479462_f5cf6a19dd.jpg,fish,train
http://farm1.static.flickr.com/28/118444107_73f985d0f3.jpg,fish,train
http://farm4.static.flickr.com/3034/2560653647_d5d0858f92.jpg,fish,train
http://farm1.static.flickr.com/28/42222930_2bde5135e0.jpg,fish,train
http://farm1.static.flickr.com/109/269653281_c3fb69a947.jpg,fish,train
http://farm3.static.flickr.com/2307/1904302076_12d3cede49.jpg,fish,train
http://farm2.static.flickr.com/1226/1140675688_2498ebdcc7.jpg,fish,train
http://farm3.static.flickr.com/2130/1609966986_10f4df8253.jpg,fish,train
http://farm1.static.flickr.com/21/97476497_fc30bcea55.jpg,fish,train
http://farm4.static.flickr.com/3005/3007583030_bd590c07e7.jpg,fish,train
http://farm3.static.flickr.com/2195/2166066189_a0de588b64.jpg,fish,train
http://farm2.static.flickr.com/1131/905990450_3dd52c1e96.jpg,fish,train
http://farm4.static.flickr.com/3218/2734977928_8d16b48c0a.jpg,fish,train
http://farm4.static.flickr.com/3218/2776494507_7e4cd3a67e.jpg,fish,train
http://farm2.static.flickr.com/1028/717703752_b38872d837.jpg,fish,train
http://farm1.static.flickr.com/24/50081755_283133cfb9.jpg,fish,train
http://farm1.static.flickr.com/89/241189633_dd3662953e.jpg,fish,train
http://farm3.static.flickr.com/2054/1775491925_2ed140f9ba.jpg,fish,train
http://farm2.static.flickr.com/1391/1087447360_c6037a47f5.jpg,fish,train
http://farm3.static.flickr.com/2168/2980180213_4d4299d9f2.jpg,fish,train
http://farm2.static.flickr.com/1194/1307880748_7ef5d625aa.jpg,fish,train
http://farm4.static.flickr.com/3236/2869930096_ffb925c911.jpg,fish,train
http://farm3.static.flickr.com/2045/2304172273_1c5058c866.jpg,fish,train
http://farm1.static.flickr.com/71/226606223_f2313f72bd.jpg,fish,train
http://farm2.static.flickr.com/1320/1253279817_32245454b1.jpg,fish,train
http://farm3.static.flickr.com/2283/1991946442_09787de5fe.jpg,fish,train
http://farm4.static.flickr.com/3200/3023172427_20630e22ca.jpg,fish,train
http://farm1.static.flickr.com/27/64776504_e012e6af1b.jpg,fish,train
http://farm4.static.flickr.com/3124/2297032796_b5eb52b860.jpg,fish,train
http://farm4.static.flickr.com/3183/2806314103_c6a27c6a53.jpg,fish,train
http://farm4.static.flickr.com/3177/3010626177_f844cb2bd2.jpg,fish,train
http://farm1.static.flickr.com/64/227516432_431b568340.jpg,fish,train
http://farm2.static.flickr.com/1002/1386733515_e45a76e27a.jpg,fish,train
http://farm2.static.flickr.com/1083/1246286612_da8a9a4751.jpg,fish,train
http://farm2.static.flickr.com/1124/1470082631_085fc17822.jpg,fish,train
http://farm3.static.flickr.com/2213/1715993417_981d7bde8f.jpg,fish,train
http://farm2.static.flickr.com/1258/1241327977_74b2598309.jpg,fish,train
http://farm2.static.flickr.com/1330/1457976290_f5178f9501.jpg,fish,train
http://farm3.static.flickr.com/2356/2076921635_8146b3766d.jpg,fish,train
http://farm1.static.flickr.com/89/211532038_5bdb5b1bff.jpg,fish,train
http://farm1.static.flickr.com/33/47747354_8cadae56eb.jpg,fish,train
http://farm3.static.flickr.com/2317/2163633271_3387ca02c7.jpg,fish,train
http://farm1.static.flickr.com/122/310475854_6dbe9c6fd0.jpg,fish,train
http://farm1.static.flickr.com/27/41645786_a06274e371.jpg,fish,train
http://farm4.static.flickr.com/3166/2810840592_fff9c5e4ee.jpg,fish,train
http://farm2.static.flickr.com/1080/1348668880_a000d9d17a.jpg,fish,train
http://farm1.static.flickr.com/80/228360164_589859e45c.jpg,fish,train
http://farm1.static.flickr.com/196/471971306_43e324116c.jpg,fish,train
http://farm1.static.flickr.com/21/30036983_6acf699f19.jpg,fish,train
http://farm1.static.flickr.com/69/250460963_3c88af1b32.jpg,fish,train
http://farm3.static.flickr.com/2347/1588530027_8df5066aeb.jpg,fish,train
http://farm1.static.flickr.com/25/49747515_a0ce300ed8.jpg,fish,train
http://farm1.static.flickr.com/93/233128326_4c8e98d18a.jpg,fish,train
http://farm1.static.flickr.com/23/26868895_eeb15da98f.jpg,fish,train
http://farm2.static.flickr.com/1362/614703650_5493ea4b62.jpg,fish,train
http://farm2.static.flickr.com/1311/837828962_d145267788.jpg,fish,train
http://farm4.static.flickr.com/3168/2954542105_5d79074a7f.jpg,fish,train
http://farm1.static.flickr.com/43/96433513_bbf9365632.jpg,fish,train
http://farm1.static.flickr.com/95/219297193_87210ea4b2.jpg,fish,train
http://farm3.static.flickr.com/2216/2108952891_858befc9aa.jpg,fish,train
http://farm1.static.flickr.com/80/251648189_91da9e97ca.jpg,fish,train
http://farm4.static.flickr.com/3197/2897344494_fa0a244b55.jpg,fish,train
http://farm4.static.flickr.com/3214/2891918807_03d695d527.jpg,fish,train
http://farm1.static.flickr.com/33/39976373_9aff650be8.jpg,fish,train
http://farm4.static.flickr.com/3094/2927004632_b4fe01313d.jpg,fish,train
http://farm3.static.flickr.com/2147/2005116423_315771973a.jpg,fish,train
http://farm3.static.flickr.com/2170/2041348534_5dc7295a3e.jpg,fish,train
http://farm4.static.flickr.com/3050/2851767032_db42e659d5.jpg,fish,train
http://farm1.static.flickr.com/88/226606160_c9b0edb550.jpg,fish,train
http://farm3.static.flickr.com/2185/1793906015_ef6a88942a.jpg,fish,train
http://farm2.static.flickr.com/1384/745721909_54814b76b2.jpg,fish,train
http://farm4.static.flickr.com/3084/2849329364_4cbfb23baa.jpg,fish,train
http://farm4.static.flickr.com/3136/2791982160_14b08a4e3c.jpg,fish,train
http://farm3.static.flickr.com/2122/2371035947_325e2c4811.jpg,fish,train
http://farm1.static.flickr.com/108/281045869_67c3f5355e.jpg,fish,train
http://farm3.static.flickr.com/2181/1609918754_662bb83f2b.jpg,fish,train
http://farm1.static.flickr.com/64/190909220_6195c35877.jpg,fish,train
http://farm4.static.flickr.com/3019/2674771895_30e37f1f52.jpg,fish,train
http://farm1.static.flickr.com/191/516600404_a300ca8625.jpg,fish,train
http://farm2.static.flickr.com/1272/1154501274_773eb0e604.jpg,fish,train
http://farm3.static.flickr.com/2144/1897299220_b82684a202.jpg,fish,train
http://farm4.static.flickr.com/3044/2764146437_87697f1504.jpg,fish,train
http://farm2.static.flickr.com/1214/1408611859_96ec25fbe2.jpg,fish,train
http://farm2.static.flickr.com/1409/817922169_08b4a5f740.jpg,fish,train
http://farm4.static.flickr.com/3070/2304974372_6528908971.jpg,fish,train
http://farm2.static.flickr.com/1265/988119351_e53ce19eff.jpg,fish,train
http://farm4.static.flickr.com/3161/2886597440_5b3a936f6d.jpg,fish,train
http://farm3.static.flickr.com/2111/1609940592_6064e55e66.jpg,fish,train
http://farm1.static.flickr.com/14/88443784_2876cc92d8.jpg,fish,train
http://farm2.static.flickr.com/1308/727088757_639eb2ccdb.jpg,fish,train
http://farm4.static.flickr.com/3182/2871271794_c42695bf42.jpg,fish,train
http://farm1.static.flickr.com/205/503545659_4408ca5e6b.jpg,fish,train
http://farm1.static.flickr.com/95/219297192_6535ae10c7.jpg,fish,train
http://farm1.static.flickr.com/62/201016369_cb81d8eeb3.jpg,fish,train
http://farm1.static.flickr.com/97/248254722_719a163665.jpg,fish,train
http://farm1.static.flickr.com/182/366305509_af5ec623ff.jpg,fish,train
http://farm1.static.flickr.com/41/82241345_9c582454fe.jpg,fish,train
http://farm1.static.flickr.com/36/118495684_7ccd6e6030.jpg,fish,train
http://farm1.static.flickr.com/66/191453234_00b5443830.jpg,fish,train
http://farm4.static.flickr.com/3024/2958014099_d00408363e.jpg,fish,train
http://farm1.static.flickr.com/182/473531663_90e6c4d1e4.jpg,fish,train
http://farm3.static.flickr.com/2055/1715956873_77796219a3.jpg,fish,train
http://farm4.static.flickr.com/3007/2828824124_9a85dd3c40.jpg,fish,train
http://farm4.static.flickr.com/3295/2720722001_9c561d4329.jpg,fish,train
http://farm3.static.flickr.com/2045/1535449688_8854addb39.jpg,fish,train
http://farm1.static.flickr.com/28/50081584_535979919a.jpg,fish,train
http://farm1.static.flickr.com/57/219297196_b0945405b9.jpg,fish,train
http://farm1.static.flickr.com/123/372130289_f00b6a24eb.jpg,fish,train
http://farm3.static.flickr.com/2356/2149768002_b1d4b0d7b9.jpg,fish,train
http://farm1.static.flickr.com/29/53191895_6f1d32a3d2.jpg,fish,train
http://farm1.static.flickr.com/30/53216967_b0038fa2f2.jpg,fish,train
http://farm3.static.flickr.com/2005/2073982794_24c40e5141.jpg,fish,train
http://farm3.static.flickr.com/2383/2194115501_ace2dc94f8.jpg,fish,train
http://farm4.static.flickr.com/3006/3023976698_46b343b28d.jpg,fish,train
http://farm1.static.flickr.com/97/231668395_9bba46cb44.jpg,fish,train
http://farm1.static.flickr.com/28/36363495_6bbc6cc891.jpg,fish,train
http://farm4.static.flickr.com/3043/2732578142_ec8899e83d.jpg,fish,train
http://farm4.static.flickr.com/3172/2809758187_b9bed0de16.jpg,fish,train
http://farm2.static.flickr.com/1251/852198096_d0976c6b53.jpg,fish,train
http://farm1.static.flickr.com/69/231427228_88b1105905.jpg,fish,train
http://farm4.static.flickr.com/3246/2490631048_cd1a254604.jpg,fish,train
http://farm2.static.flickr.com/1285/1278144041_d46fc8ad13.jpg,fish,train
http://farm2.static.flickr.com/1030/1352934868_d7d5b019b8.jpg,fish,train
http://farm4.static.flickr.com/3202/2807167664_7f0c5891f6.jpg,fish,train
http://farm3.static.flickr.com/2168/2304972832_ab2fd510fc.jpg,fish,train
http://farm2.static.flickr.com/1030/1348098964_4b8c2450e9.jpg,fish,train
http://farm2.static.flickr.com/1388/1386734319_15b8cacd6a.jpg,fish,train
http://farm4.static.flickr.com/3227/2667317126_10ee1f1a17.jpg,fish,train
http://farm3.static.flickr.com/2355/1738780429_b574f50528.jpg,fish,train
http://farm3.static.flickr.com/2390/2046214400_f29df69336.jpg,fish,train
http://farm4.static.flickr.com/3222/2926278479_1e018cb91e.jpg,fish,train
http://farm4.static.flickr.com/3071/2659653392_f76786585b.jpg,fish,train
http://farm1.static.flickr.com/174/431756194_38ef71b2c6.jpg,fish,train
http://farm1.static.flickr.com/22/32438138_54e6c13a55.jpg,fish,train
http://farm1.static.flickr.com/31/36488532_c55c83d7a4.jpg,fish,train
http://farm2.static.flickr.com/1008/812568522_137fc69072.jpg,fish,train
http://www.thebassethound.com/images/king1-sm.jpg,fish,train
http://www.salmonherder.com/silver031.jpg,fish,train
http://www.idohuntak.com/images/VInhCoho.jpg,fish,train
http://www.fishinginternational.com/location/canastamp/stamp3.gif,fish,train
http://www.columbiariverfishingguide.com/images/fishin22.jpg,fish,train
http://www.widespreadfishing.com/images_gallery/04%20silver%20salmon%20small.jpg,fish,train
http://www.kenairiverhideaway.com/pix1/pat3.jpg,fish,train
http://www.krisweb.com/prop_50/image016.jpg,fish,train
http://www.pec.on.ca/fish/trophycoho.jpg,fish,train
http://www.hamra.net/fun/fish/pics/gsilvers.jpg,fish,train
http://www.alaskarivertrips.com/images/443.guest%20chrome%20silver%20w%20fly.jpg,fish,train
http://www.nyfisherman.net/bobmoore.jpg,fish,train
http://www.highadventureair.com/IMG_4037273.jpg,fish,train
http://photos.oregonlive.com/photogallery/f43aa33cdff2bbd5e0173ab7a9460f04.jpg,fish,train
http://www.silversalmoncreek.com/images/fishing/chum.jpg,fish,train
http://www.greatriverfishing.com/images/Small/PicCoho6_small.jpg,fish,train
http://www.chrisbrooks.org/content/binary/20040808JacobSalmon.jpg,fish,train
http://www.greatriverfishing.com/images/Small/PicCoho14_small.jpg,fish,train
http://www.lakemarie.com/Silver%20Salmon/Leo-Silver%20Salmon.jpg,fish,train
http://image59.webshots.com/459/3/97/24/2362397240073428963uOVsAS_ph.jpg,fish,train
http://www.atmos.washington.edu/~mantua/images/silver2.gif,fish,train
http://www.ifish.net/gallery/data/500/medium/firstcoho.jpg,fish,train
http://www.valleyfishing.com/images/MDcohosalmon091203.jpg,fish,train
http://www.alaska.net/~bakerb/southeast/tsiu/tsiu_03/sc_silver_tsiu_03.jpg,fish,train
http://www.alaskafishingandlodging.com/silver_salmon/photos/silver_salmon_002.jpg,fish,train
http://outboundalaskacharters.com/images/fish/silver.jpg,fish,train
http://www.fish4salmon.com/pictures/silvers/Ultralight_salmon_fishing_small.jpg,fish,train
http://sportfishingketchikan.com/Sportfish%20Pics/Picture16.jpg,fish,train
http://jakejordan.com/images/480_Seegraves_nice_silver.jpg,fish,train
http://www.charliemoore.com/images/5-pound-bass/dennis.jpg,fish,train
http://www.portlandsalmonfishing.com/images/prices_pg/coho_salmon_sm.jpg,fish,train
http://www.southlakedecoys.com/html/decfish/deccoho.jpg,fish,train
http://www.anchorriverlodge.com/images/dad_king.jpg,fish,train
http://www.fishtaxidermy.zoomshare.com/album/Fish%20Mounts/images/82b5365c18bc94f9ea89bf5339b93288_10903219130/image.jpg,fish,train
http://www.aosalaska.com/gallery/silvers/silver17.jpg,fish,train
http://www.kodiakwilderness.com/pageImages/34-8image.jpg,fish,train
http://lh5.ggpht.com/_PB40xHpVTPQ/Rook9Yd9P0I/AAAAAAAAAPo/SC6hN17RA-E/mike&fish.jpg,fish,train
http://www.theoutdoorconnection.com/directory/logo/408.jpg,fish,train
http://www.akfishermanschoice.com/images/photos19_med.jpg,fish,train
http://www.salmoneye.net/siteimages/chinook_salmon.jpg,fish,train
http://www.boknowsfishing.com/images/Silver1.jpg,fish,train
http://www.alaskaoffshoreadventures.com/pics/kingkt.jpg,fish,train
http://www.eacmarin.org/images/home/coho.jpg,fish,train
http://www.anchorage.net/data/mem_images/2662.jpg,fish,train
http://www.rodgunresources.com/alaskawildernessfishing/images/alaskan-salmon.jpg,fish,train
http://www.wildaboutseafood.com/coho.jpg,fish,train
http://www.avapub.com/images/salmon.gif,fish,train
http://www.lakemarie.com/Silver%20Salmon/Ken's%20Silver%20Salmon.jpg,fish,train
http://www.akfishermanschoice.com/images/fishing_pics/silversalmonpic2.jpg,fish,train
http://www.fishorhunt.com/gallery/silver_salmon_father_son.jpg,fish,train
http://alaska.pinnacle-travel.org/images/big_king.jpg,fish,train
http://www.alaskadons.com/images/silver.jpg,fish,train
http://www.thebrandonfamily.org/alaska/mysilver.jpg,fish,train
http://farm3.static.flickr.com/2288/1956494336_5591fa37da.jpg,fish,train
http://farm3.static.flickr.com/2386/1879139277_71ea573139.jpg,fish,train
http://farm3.static.flickr.com/2080/2483223708_dd90747f10.jpg,fish,train
http://farm3.static.flickr.com/2084/1879253211_7ea061692c.jpg,fish,train
http://static.flickr.com/86/256085367_30d8e98fa4.jpg,fish,train
http://static.flickr.com/3027/2962210096_74b6768926.jpg,fish,train
http://static.flickr.com/1043/746580832_ded876df16.jpg,fish,train
http://static.flickr.com/178/473534567_09c51c7565.jpg,fish,train
http://static.flickr.com/1359/1455355843_41be181136.jpg,fish,train
http://static.flickr.com/32/54073903_1a1eff74b8.jpg,fish,train
http://static.flickr.com/1417/747122396_3de7f87df3.jpg,fish,train
http://www.aegmedia.com/blog/tbd/uploaded_images/IMG_0673-787866.JPG,fish,train
http://www.plu.edu/~christdr/Krivers%20Guide%20Service/Silver%20Salmon_files/Dscf0018_018.jpg,fish,train
http://www.sf.adfg.state.ak.us/Management/images/pasagshakcoho2.jpg,fish,train
http://www.foxbaylodge.com/images/2004/andrew-king-salmon.jpg,fish,train
http://www.dfg.ca.gov/fish/images/FishOnly/CohoSalmon_ByErnest%20Keeley.jpg,fish,train
http://farm3.static.flickr.com/2078/2444243335_93f2a37a56.jpg,fish,train
http://farm3.static.flickr.com/2394/2500812092_8bea59539d.jpg,fish,train
http://farm1.static.flickr.com/68/198265641_0e60e5300a.jpg,fish,train
http://farm1.static.flickr.com/28/59220413_2ec8f07c30.jpg,fish,train
http://farm4.static.flickr.com/3002/2736049296_1342839643.jpg,fish,train
http://farm4.static.flickr.com/3192/2680257507_34e7a27306.jpg,fish,train
http://farm1.static.flickr.com/47/121575464_613abdde53.jpg,fish,train
http://farm4.static.flickr.com/3216/2879873600_b836c268ba.jpg,fish,train
http://farm4.static.flickr.com/3196/2969208595_f09750afbd.jpg,fish,train
http://farm3.static.flickr.com/2410/2306403424_76da5bb38a.jpg,fish,train
http://farm1.static.flickr.com/94/233611459_cc673f6203.jpg,fish,train
http://farm4.static.flickr.com/3189/2486650422_2c455730ca.jpg,fish,train
http://farm4.static.flickr.com/3238/2777353898_99db69973e.jpg,fish,train
http://farm4.static.flickr.com/3048/3042234220_c3941df336.jpg,fish,train
http://farm4.static.flickr.com/3245/2806316749_a85a2e1d0f.jpg,fish,train
http://farm3.static.flickr.com/2335/2536840487_26af971552.jpg,fish,train
http://farm4.static.flickr.com/3142/2561363748_93412888cc.jpg,fish,train
http://farm2.static.flickr.com/1264/1278651880_44fe8f9b70.jpg,fish,train
http://farm2.static.flickr.com/1385/1386733999_3dbaf2503c.jpg,fish,train
http://farm4.static.flickr.com/3220/2991941039_b3597fd739.jpg,fish,train
http://farm1.static.flickr.com/91/260564886_6c66708343.jpg,fish,train
http://farm2.static.flickr.com/1251/1307889110_b1d811d58c.jpg,fish,train
http://farm4.static.flickr.com/3020/3039276266_6587f552fd.jpg,fish,train
http://farm1.static.flickr.com/88/210183856_b19f050002.jpg,fish,train
http://farm4.static.flickr.com/3151/2560647753_a732b763e3.jpg,fish,train
http://farm4.static.flickr.com/3174/2926156887_f0ffd8b301.jpg,fish,train
http://farm1.static.flickr.com/190/517995651_54be25cbe4.jpg,fish,train
http://farm4.static.flickr.com/3172/2894995479_f72bab9416.jpg,fish,train
http://farm4.static.flickr.com/3180/2735224527_4ee5534535.jpg,fish,train
http://farm4.static.flickr.com/3181/2560662749_a101dcd8a8.jpg,fish,train
http://farm4.static.flickr.com/3049/2735950076_14823c2308.jpg,fish,train
http://farm2.static.flickr.com/1277/1278140797_952c49d1c3.jpg,fish,train
http://farm1.static.flickr.com/177/473539497_5fbe91dc88.jpg,fish,train
http://farm4.static.flickr.com/3174/2560486437_1884628127.jpg,fish,train
http://farm1.static.flickr.com/196/473537859_5c673d6acd.jpg,fish,train
http://farm4.static.flickr.com/3067/2742866057_d4656a2d32.jpg,fish,train
http://farm4.static.flickr.com/3280/2561453870_b806f73c34.jpg,fish,train
http://farm4.static.flickr.com/3182/2948099548_c7febce253.jpg,fish,train
http://farm2.static.flickr.com/1383/1243140001_6040003e85.jpg,fish,train
http://farm1.static.flickr.com/46/154165958_2428872100.jpg,fish,train
http://farm3.static.flickr.com/2374/2198634965_8cd5485517.jpg,fish,train
http://farm2.static.flickr.com/1167/1430671381_2b727d8b9e.jpg,fish,train
http://farm2.static.flickr.com/1080/576220992_7d42d6d4eb.jpg,fish,train
http://farm1.static.flickr.com/90/219203628_3ccacd75e9.jpg,fish,train
http://farm1.static.flickr.com/25/47747356_119d8049c1.jpg,fish,train
http://farm4.static.flickr.com/3132/2843771253_238e01e1f6.jpg,fish,train
http://farm4.static.flickr.com/3089/2869927940_56a39186c8.jpg,fish,train
http://farm1.static.flickr.com/88/250898049_055bdba422.jpg,fish,train
http://farm2.static.flickr.com/1280/1347769137_ac77144949.jpg,fish,train
http://farm1.static.flickr.com/75/228517544_ddbbf8b48b.jpg,fish,train
http://farm4.static.flickr.com/3073/2561326158_b8835e06bf.jpg,fish,train
http://farm1.static.flickr.com/120/258261936_32fb1c62f2.jpg,fish,train
http://farm1.static.flickr.com/23/30036526_d098e5b25b.jpg,fish,train
http://farm2.static.flickr.com/1266/1242063271_c82b45b284.jpg,fish,train
http://farm4.static.flickr.com/3037/2744377989_020706e206.jpg,fish,train
http://farm1.static.flickr.com/208/465471271_4af032a44b.jpg,fish,train
http://farm3.static.flickr.com/2055/1792483344_0730b77b72.jpg,fish,train
http://farm1.static.flickr.com/23/30667866_3e3675f7d5.jpg,fish,train
http://farm1.static.flickr.com/22/38939075_7c9c09be12.jpg,fish,train
http://farm1.static.flickr.com/115/262268394_2d3532ab50.jpg,fish,train
http://farm2.static.flickr.com/1373/1333371210_e8b7c99e5d.jpg,fish,train
http://farm1.static.flickr.com/28/47925607_705eb202d8.jpg,fish,train
http://farm3.static.flickr.com/2151/2077711662_c9da691b0a.jpg,fish,train
http://farm1.static.flickr.com/80/252552309_4a8e8880e7.jpg,fish,train
http://farm1.static.flickr.com/74/218650572_317acd3b81.jpg,fish,train
http://farm3.static.flickr.com/2014/1883002210_9f663f97f3.jpg,fish,train
http://farm1.static.flickr.com/94/221317903_00ec1a82f8.jpg,fish,train
http://farm1.static.flickr.com/126/366305497_ed332c7c1e.jpg,fish,train
http://farm1.static.flickr.com/138/327422523_641c6dfab1.jpg,fish,train
http://farm1.static.flickr.com/48/118495782_8ee3f0574c.jpg,fish,train
http://farm4.static.flickr.com/3136/2412522676_500c6eb46c.jpg,fish,train
http://farm2.static.flickr.com/1251/1084292263_542314f2ed.jpg,fish,train
http://farm2.static.flickr.com/1012/756819518_a0ab845862.jpg,fish,train
http://farm1.static.flickr.com/48/118485279_dcb3bca6f1.jpg,fish,train
http://farm2.static.flickr.com/1164/1332466207_c7f968bc9d.jpg,fish,train
http://farm1.static.flickr.com/52/134417007_113594deba.jpg,fish,train
http://farm1.static.flickr.com/37/118485305_bb0a47ab7c.jpg,fish,train
http://farm4.static.flickr.com/3088/2294965469_d200313929.jpg,fish,train
http://farm2.static.flickr.com/1140/746581990_bdf5769ee4.jpg,fish,train
http://farm4.static.flickr.com/3050/2981035546_be0b16c5a3.jpg,fish,train
http://farm1.static.flickr.com/145/428980800_34410f31b5.jpg,fish,train
http://farm1.static.flickr.com/25/50015350_6fb5e1cf9b.jpg,fish,train
http://farm4.static.flickr.com/3228/2927004470_07402e25b8.jpg,fish,train
http://farm4.static.flickr.com/3205/2991625011_0319cdaee3.jpg,fish,train
http://farm1.static.flickr.com/94/236909006_806c6c7fd9.jpg,fish,train
http://farm2.static.flickr.com/1377/1431384312_7443b4dd81.jpg,fish,train
http://farm2.static.flickr.com/1013/1430400153_04236e7e16.jpg,fish,train
http://farm4.static.flickr.com/3155/2897344310_0cb98bf481.jpg,fish,train
http://farm2.static.flickr.com/1439/537924519_74e3ef183b.jpg,fish,train
http://farm1.static.flickr.com/26/50015158_af48418b67.jpg,fish,train
http://farm4.static.flickr.com/3219/3006747829_8658331ecd.jpg,fish,train
http://farm2.static.flickr.com/1383/1430252574_f0d02d536e.jpg,fish,train
http://farm3.static.flickr.com/2413/1973377414_519f350e8b.jpg,fish,train
http://farm1.static.flickr.com/254/521168219_ad61ac2925.jpg,fish,train
http://farm1.static.flickr.com/131/329189883_2e45e50343.jpg,fish,train
http://farm2.static.flickr.com/1389/1241328039_ea271fb1ee.jpg,fish,train
http://farm4.static.flickr.com/3145/2896081148_f1a6ceebb9.jpg,fish,train
http://farm1.static.flickr.com/29/54035085_2c3c067bae.jpg,fish,train
http://farm1.static.flickr.com/44/118484619_7514eee656.jpg,fish,train
http://farm1.static.flickr.com/33/53218001_07651d3afe.jpg,fish,train
http://farm3.static.flickr.com/2391/1878309200_5681ddfbb8.jpg,fish,train
http://farm3.static.flickr.com/2040/2158668659_19e09f3d5e.jpg,fish,train
http://farm2.static.flickr.com/1191/860969926_708d25e67e.jpg,fish,train
http://farm2.static.flickr.com/1149/1127389523_0c9446a55f.jpg,fish,train
http://farm1.static.flickr.com/32/50021271_c261cd4746.jpg,fish,train
http://farm3.static.flickr.com/2088/2219052420_4c0ed733a4.jpg,fish,train
http://farm4.static.flickr.com/3179/2560488403_1ac95c8795.jpg,fish,train
http://farm2.static.flickr.com/1106/1332476789_6cdf6a8e56.jpg,fish,train
http://farm3.static.flickr.com/2341/2021603270_2e53566a23.jpg,fish,train
http://farm1.static.flickr.com/115/316777525_aab1690b4f.jpg,fish,train
http://farm1.static.flickr.com/79/233128382_2b7a432f97.jpg,fish,train
http://farm1.static.flickr.com/22/32469229_74c9dd84ca.jpg,fish,train
http://farm1.static.flickr.com/182/391465802_e50904b586.jpg,fish,train
http://farm2.static.flickr.com/1106/1363850921_db239e2272.jpg,fish,train
http://farm3.static.flickr.com/2256/2060299851_7f923be8ec.jpg,fish,train
http://farm4.static.flickr.com/3074/2735112385_94bcd85c09.jpg,fish,train
http://farm4.static.flickr.com/3245/2978108677_c08cc6e03d.jpg,fish,train
http://farm4.static.flickr.com/3019/3032546380_117ab60107.jpg,fish,train
http://farm1.static.flickr.com/30/59220367_0b9a8ba200.jpg,fish,train
http://farm3.static.flickr.com/2238/2079224923_44d216c3e0.jpg,fish,train
http://farm4.static.flickr.com/3044/2764988680_cc4c91cd51.jpg,fish,train
http://farm4.static.flickr.com/3017/2555333104_de499e785f.jpg,fish,train
http://farm1.static.flickr.com/103/250471088_c1f0b9d1b5.jpg,fish,train
http://farm3.static.flickr.com/2402/1877554022_4a8fef0aea.jpg,fish,train
http://farm1.static.flickr.com/118/310240734_b9c7ba0b18.jpg,fish,train
http://farm2.static.flickr.com/1391/1096801276_d33045c6f6.jpg,fish,train
http://farm4.static.flickr.com/3073/2791982836_fefc141d11.jpg,fish,train
http://farm4.static.flickr.com/3051/2973019314_5bcda4bd11.jpg,fish,train
http://farm4.static.flickr.com/3265/2661831331_3945d2f6e8.jpg,fish,train
http://farm2.static.flickr.com/1115/1388069914_0ecc61170d.jpg,fish,train
http://farm2.static.flickr.com/1431/1321811912_36bf77cd8c.jpg,fish,train
http://farm4.static.flickr.com/3088/2551526885_8c17d44e23.jpg,fish,train
http://farm2.static.flickr.com/1302/1242460238_57b66f8072.jpg,fish,train
http://farm2.static.flickr.com/1273/1183434487_0de54007df.jpg,fish,train
http://farm4.static.flickr.com/3146/2840327289_4500dba1ca.jpg,fish,train
http://farm1.static.flickr.com/103/255391082_8f0e0938b7.jpg,fish,train
http://farm1.static.flickr.com/97/273635025_5ca2b872b9.jpg,fish,train
http://farm4.static.flickr.com/3288/2916379821_efb5ca6235.jpg,fish,train
http://farm3.static.flickr.com/2178/1590828948_3077a1b9de.jpg,fish,train
http://farm4.static.flickr.com/3246/2891759887_cab32f9e3c.jpg,fish,train
http://farm1.static.flickr.com/7/8682840_dd04d1c1e1.jpg,fish,train
http://farm1.static.flickr.com/28/62016837_2ca467ff27.jpg,fish,train
http://farm4.static.flickr.com/3037/2560584283_bb90014ba1.jpg,fish,train
http://farm2.static.flickr.com/1153/1155345869_3f36e2785b.jpg,fish,train
http://farm2.static.flickr.com/1117/745712219_781397e6b9.jpg,fish,train
http://farm2.static.flickr.com/1039/525607407_a4b90ac834.jpg,fish,train
http://farm4.static.flickr.com/3237/3038428613_b5b23dcaa7.jpg,fish,train
http://farm1.static.flickr.com/43/94150690_d66007ebe2.jpg,fish,train
http://farm4.static.flickr.com/3097/2801369801_26ab4704fa.jpg,fish,train
http://farm2.static.flickr.com/1044/1120165084_5ada8a9537.jpg,fish,train
http://farm1.static.flickr.com/87/242011120_bf3e121dc3.jpg,fish,train
http://farm4.static.flickr.com/3081/2494369618_f294b045e5.jpg,fish,train
http://farm1.static.flickr.com/165/391405317_21ef184f6f.jpg,fish,train
http://farm1.static.flickr.com/33/47892354_99592df31b.jpg,fish,train
http://farm2.static.flickr.com/1238/856648463_228b74a8aa.jpg,fish,train
http://farm4.static.flickr.com/3011/2959801351_3f7a258f58.jpg,fish,train
http://farm1.static.flickr.com/226/463707911_d62a8d585d.jpg,fish,train
http://farm2.static.flickr.com/1131/1478825787_a6a1fd93b3.jpg,fish,train
http://farm2.static.flickr.com/1086/1120626486_256020be45.jpg,fish,train
http://farm2.static.flickr.com/1143/921037587_a86277ba85.jpg,fish,train
http://farm4.static.flickr.com/3240/3032536186_96c678cf10.jpg,fish,train
http://farm4.static.flickr.com/3036/3015413903_7207770f86.jpg,fish,train
http://farm1.static.flickr.com/121/317199775_8a05c09ed2.jpg,fish,train
http://farm3.static.flickr.com/2273/1904300572_1e36c6049f.jpg,fish,train
http://farm2.static.flickr.com/1411/1461209497_d46e710f5b.jpg,fish,train
http://farm2.static.flickr.com/1333/1030154082_dd5461af43.jpg,fish,train
http://farm4.static.flickr.com/3228/2401993715_6f7cf61b09.jpg,fish,train
http://farm1.static.flickr.com/102/252552297_6ce5c5c08f.jpg,fish,train
http://farm4.static.flickr.com/3194/2799578576_820a662180.jpg,fish,train
http://farm2.static.flickr.com/1082/1010685601_0b99c42459.jpg,fish,train
http://farm3.static.flickr.com/2366/2401996649_25a7ffe861.jpg,fish,train
http://farm1.static.flickr.com/90/216672026_29775b3680.jpg,fish,train
http://farm3.static.flickr.com/2206/2131604094_b2592ae9f4.jpg,fish,train
http://farm4.static.flickr.com/3130/2791131243_7b257bc08b.jpg,fish,train
http://farm1.static.flickr.com/86/219203619_ba363f7c65.jpg,fish,train
http://farm3.static.flickr.com/2112/2253718801_907f38d8af.jpg,fish,train
http://farm4.static.flickr.com/3054/2869102501_fa70e5075d.jpg,fish,train
http://farm2.static.flickr.com/1099/1457664051_54192c0932.jpg,fish,train
http://farm2.static.flickr.com/1124/917843339_6485bec882.jpg,fish,train
http://farm2.static.flickr.com/1123/765459284_b258852b76.jpg,fish,train
http://farm2.static.flickr.com/1165/1470840036_127766a09a.jpg,fish,train
http://farm4.static.flickr.com/3011/2777786883_c7a0194959.jpg,fish,train
http://farm1.static.flickr.com/125/359498729_9524d64d4a.jpg,fish,train
http://farm4.static.flickr.com/3049/2974277995_5769c08b9c.jpg,fish,train
http://farm2.static.flickr.com/1237/1347778917_559f3d6c1c.jpg,fish,train
http://farm4.static.flickr.com/3263/2827774331_0b49ba3ea0.jpg,fish,train
http://farm2.static.flickr.com/1381/1251018187_4a63d0e545.jpg,fish,train
http://farm1.static.flickr.com/87/238656308_45fef30371.jpg,fish,test
http://farm1.static.flickr.com/72/226606147_b42e97da41.jpg,fish,test
http://farm4.static.flickr.com/3265/2791983612_b1ef77c740.jpg,fish,test
http://farm3.static.flickr.com/2196/1609964156_ba06e05149.jpg,fish,test
http://farm3.static.flickr.com/2205/2457969349_6ebfe30c23.jpg,fish,test
http://farm3.static.flickr.com/2175/2402930384_59be26e0c2.jpg,fish,test
http://farm3.static.flickr.com/2173/1798162821_1aa386776e.jpg,fish,test
http://farm2.static.flickr.com/1333/1096796892_14ad55ba7f.jpg,fish,test
http://farm4.static.flickr.com/3286/3046908845_10016c4dcd.jpg,fish,test
http://farm2.static.flickr.com/1148/1406240463_a50c959b4f.jpg,fish,test
http://farm3.static.flickr.com/2156/2226705271_0e44f22cf9.jpg,fish,test
http://farm1.static.flickr.com/245/517983313_ed34265eeb.jpg,fish,test
http://farm1.static.flickr.com/79/246232021_a806f30fbc.jpg,fish,test
http://farm2.static.flickr.com/1104/1061636927_55150f759c.jpg,fish,test
http://farm2.static.flickr.com/1335/1394607161_290937d216.jpg,fish,test
http://farm3.static.flickr.com/2023/1782114258_8877475e18.jpg,fish,test
http://farm4.static.flickr.com/3285/2969215117_074a7a3743.jpg,fish,test
http://farm2.static.flickr.com/1164/1378047776_f1405589dd.jpg,fish,test
http://farm2.static.flickr.com/1182/1155341513_68ffbeb5f5.jpg,fish,test
http://farm3.static.flickr.com/2387/1572109600_37698877c0.jpg,fish,test
http://farm3.static.flickr.com/2073/2226705269_0234008814.jpg,fish,test
http://farm4.static.flickr.com/3096/2638045329_4d8166932d.jpg,fish,test
http://farm1.static.flickr.com/73/191453232_bd89612f16.jpg,fish,test
http://farm4.static.flickr.com/3004/2874145458_c44cd1875a.jpg,fish,test
http://farm2.static.flickr.com/1190/1437616227_7a472496c7.jpg,fish,test
http://farm2.static.flickr.com/1293/1332343289_a3a43fafe6.jpg,fish,test
http://farm4.static.flickr.com/3025/2969203965_ca49b93d56.jpg,fish,test
http://farm3.static.flickr.com/2367/2175793957_40fb02bbdb.jpg,fish,test
http://farm2.static.flickr.com/1329/885829280_0384673c8c.jpg,fish,test
http://farm3.static.flickr.com/2252/2236032554_a9e311b50d.jpg,fish,test
http://farm1.static.flickr.com/49/120994748_bf47e3da6d.jpg,fish,test
http://farm4.static.flickr.com/3063/2401986783_9d8d7475f6.jpg,fish,test
http://farm3.static.flickr.com/2368/2163764976_f78d9d0f86.jpg,fish,test
http://farm4.static.flickr.com/3205/2919672812_a2deec6048.jpg,fish,test
http://farm1.static.flickr.com/33/36488930_5d269647b5.jpg,fish,test
http://farm4.static.flickr.com/3012/3059250243_897506ffff.jpg,fish,test
http://farm1.static.flickr.com/23/41645752_55a91e4bb4.jpg,fish,test
http://farm2.static.flickr.com/1262/1387629108_1d4f96b12c.jpg,fish,test
http://farm2.static.flickr.com/1142/1251878334_a50e0eb93c.jpg,fish,test
http://farm3.static.flickr.com/2102/2264748919_f71767086e.jpg,fish,test
http://farm4.static.flickr.com/3196/3023167383_7ceca252a7.jpg,fish,test
http://farm3.static.flickr.com/2136/2242992316_2d999508d6.jpg,fish,test
http://farm4.static.flickr.com/3287/2960642554_f3e65e5fba.jpg,fish,test
http://farm3.static.flickr.com/2016/2021623960_46399ec0ef.jpg,fish,test
http://farm4.static.flickr.com/3116/2871258575_b9e311e02a.jpg,fish,test
http://farm4.static.flickr.com/3152/2926283211_a38e806f06.jpg,fish,test
http://farm2.static.flickr.com/1004/1394413521_27536c0a8f.jpg,fish,test
http://farm2.static.flickr.com/1020/1225404080_8048600a94.jpg,fish,test
http://farm4.static.flickr.com/3221/2869804396_c4127ccec6.jpg,fish,test
http://farm4.static.flickr.com/3244/2794928520_0c19eaa483.jpg,fish,test
http://farm1.static.flickr.com/23/35099721_fbc694fa1b.jpg,fish,test
http://farm3.static.flickr.com/2215/1609947018_bfa1fcd6b2.jpg,fish,test
http://farm1.static.flickr.com/30/50081802_bf4d207cd5.jpg,fish,test
http://farm2.static.flickr.com/1345/999386881_b6bbc2c39a.jpg,fish,test
http://farm4.static.flickr.com/3257/2791981278_00389ecea0.jpg,fish,test
http://farm4.static.flickr.com/3108/2561312476_c39a0095c4.jpg,fish,test
http://farm1.static.flickr.com/45/171147851_0fa3cc8321.jpg,fish,test
http://farm3.static.flickr.com/2125/1528368520_c82bb63ded.jpg,fish,test
http://farm1.static.flickr.com/135/359504247_abafe8992c.jpg,fish,test
http://farm2.static.flickr.com/1391/1472023781_cd399ebb35.jpg,fish,test
http://farm3.static.flickr.com/2415/2166804428_663d7a094b.jpg,fish,test
http://farm2.static.flickr.com/1117/1347194721_589b1b7c93.jpg,fish,test
http://farm3.static.flickr.com/2295/2370449878_5c8baec6bc.jpg,fish,test
http://farm4.static.flickr.com/3259/2895832118_e64667d0d6.jpg,fish,test
http://farm2.static.flickr.com/1331/1430557415_61b31641ca.jpg,fish,test
http://farm1.static.flickr.com/56/118484640_7a2337ea53.jpg,fish,test
http://farm2.static.flickr.com/1015/578651623_d4cdbc4846.jpg,fish,test
http://farm1.static.flickr.com/61/194363226_2988e58d3b.jpg,fish,test
http://farm2.static.flickr.com/1280/1140037425_fc25db4d3e.jpg,fish,test
http://farm2.static.flickr.com/1173/980671448_fd2f4503cd.jpg,fish,test
http://farm4.static.flickr.com/3097/2298715967_d5c00714fe.jpg,fish,test
http://www.fishingoregon.net/images/PNGSsalmon07.jpg,fish,test
http://www.portlandsalmonfishing.com/images/salmon_pg/group_salmon_fishing.jpg,fish,test
http://www.self-catering-breaks.com/images/property_pictures/7654_1163794241.jpg,fish,test
http://legendlodge.com/images/pics/rainbow1.jpg,fish,test
http://www.aktroutfitters.com/images/silvers.jpg,fish,test
http://www.aosalaska.com/afgsalmon%20boy%20with%20silver.jpg,fish,test
http://www.salmonsafe.org/images/coho.jpg,fish,test
http://spotted.charleston.net/images/12/photos/2007/11/15/gallery/3147.jpg,fish,test
http://www.aosalaska.com/gallery/silvers/silver15.jpg,fish,test
http://michiganstreamside.com/upcoming2.jpg,fish,test
http://www.plaintiffblues.com/jpegs/revenge/revenge05.jpg,fish,test
http://www.cordovarose.com/images/silversalmon.jpg,fish,test
http://www.kenairiverfront.com/AdvHTML_Upload/SteveSilver.jpg,fish,test
http://alyeskaguides.com/alagnak/AKS88-409_Alagnak_silver.jpg,fish,test
http://www.driftingonthefly.com/images/rainbows/sctrnbw06_07.jpg,fish,test
http://www.tyeeatercharters.com/images/coho_salmon.jpg,fish,test
http://www.charterboatsbc.com/images/heros/salmon.jpg,fish,test
http://www.skeetchestn.ca/Natural%20Resources%20Website/SARAImages/CSalmon.jpg,fish,test
http://www2.kpr.edu.on.ca/cdciw/biomes/king1.jpg,fish,test
http://www.mattfender.net/alaska/dave%20with%20two%20silvers.jpg,fish,test
http://bonshellfishing.com/G.%20L.%20Salmon%20&%20Trout%20Description%20Pg%202007/Coho%20Salmon%20%20IMG_0970.JPG,fish,test
http://www.orcalodge.com/13.jpg,fish,test
http://www.piscatorialpursuits.com/images/ninsilver.jpg,fish,test
http://www.hrfa.net/images/Ace_Charters.jpg,fish,test
http://www.outdoorsdirectory.com/images/wilderness_beach.jpg,fish,test
http://www.alaskanfishingadventures.com/PB280171.JPG,fish,test
http://img5.travelblog.org/Photos/45963/199454/t/1491860-Big-silver-0.jpg,fish,test
http://www.zenwaiterwest.com/photos/july22-30%202005%20Salmon%20Fishing%20%20Ch%202/coho%20spring%20ling%20cod%20salmon%20toquart%20bay%20bc.jpg,fish,test
http://www.gosalmonfishing.com/gsfgallery/slides/ryans%20big%20coho.jpg,fish,val
http://www.alaskaskenaipeninsulafishing.com/AGNEWS_ALASKA.jpg,fish,val
http://profish-n-sea.com/images/blond_w_silver_small.jpg,fish,val
http://www.homerfishing.com/qr-fishing/salmon.jpg,fish,val
http://jigsandreels.net/images/headers/header_1.jpg,fish,val
http://alagnakriverlodge.com/images/pics03/mcgrewsilvers.jpg,fish,val
http://www.lakemarie.com/Silver%20Salmon/Silver%20Salmon%202.jpg,fish,val
http://www.portlandgeneral.com/community_and_env/hydropower_and_fish/images/coho_salmon.jpg,fish,val
http://www.bcsturgeon.com/images/salmon-4.jpg,fish,val
http://www.greatriverfishing.com/images/PicsPage/PicCoho10.jpg,fish,val
http://floatplanelodge.com/saltwater-fishing/Smitty-_-Silver-Salmon.jpg,fish,val
http://lh4.ggpht.com/_nxVO3CjsCCc/SKIFZDgR7-I/AAAAAAAAAUQ/Ce-4FimudFo/Alaska_08+(16).jpg,fish,val
http://www.whistlerfishing.com/images/Nov82003Chum_2.jpg,fish,val
http://www.northwestflyfisherman.com/images/markchinook.jpg,fish,val
http://www.landsendlodge.com/images/stories/Gallery2/Lots-of-silver-salmon.jpg,fish,val
http://www.profishingguide.com/Images/September_Nine_Big_COHO.jpg,fish,val
http://harrygaines.com/images/billdowns2.jpg,fish,val
http://www.kenairiverfront.com/AdvHTML_Upload/SteveSilver2_1.jpg,fish,val
http://www.alaska.net/~bakerb/southeast/tsiu/tsiu_03/tg_silver_tsiu_03.jpg,fish,val
http://natronair.com/photos/imgs/navbl.jpg,fish,val
http://www.moosecreek.com/ni.JPG,fish,val
http://image18.webshots.com/18/1/88/55/192318855dWPDtw_fs.jpg,fish,val
http://z.hubpages.com/u/265656_f260.jpg,fish,val
http://k53.pbase.com/g6/54/491254/2/79291530.DcwJSUQL.jpg,fish,val
http://www.alaskanfishing.com/photos/silversalmon226at180.jpg,fish,val
http://www.alaskagoodtimecharters.com/sys/docs/38.jpg,fish,val
http://www.anglersalibi.com/200308silver.jpg,fish,val
http://lh5.ggpht.com/mlgunkel/SGs4FQvwNxI/AAAAAAAAB2s/l9XV760pbLE/s400/DSCN0326.jpg,fish,val
http://i.pbase.com/u39/statu/upload/32462078.bearandlunch.jpg,fish,val
http://www.deltanewsweb.com/archives/images/20021016_coho.jpg,fish,val
http://www.handsontheland.org/sitedata/wolf/coho01.jpg,fish,val
http://www.trophycatchcharters.com/i/fish%20pictures/billsilver2.jpg,fish,val
http://www.nahabayoutdooradventures.com/bryan_pradines_silver.jpg,fish,val
http://www.desirefish.com/images/susannah-coho-wide.jpg,fish,val
http://alaskancharters.com/pics/Image22.jpg,fish,val
http://www.massethouse.com/picture_library/swfishing_gallery/Coho%20Fly_std.jpg,fish,val
http://lh6.ggpht.com/_BjC4b6yI3wg/RRDX2B2xABI/AAAAAAAAAA0/UnTicrpP9NM/100_1422.JPG,fish,val
http://legendlodge.com/images/pics/DSC00663.jpg,fish,val
http://lh4.ggpht.com/_6a5oVbGDWzA/SCJNdVH46AI/AAAAAAAAAYA/Ch_BEWKddOk/HPIM1121.JPG,fish,val
http://www.alaskaflyfish.net/bwhiting2.jpg,fish,val
http://www.thefishhouse.net/images/salmon_page.jpg,fish,val
http://www.alaskafishing.ws/0a16c110.jpg,fish,val
http://www.southbeachfishmarket.com/images/salmonsf.jpg,fish,val
http://raincoastresearch.org/graphics/images/coho-ad-w250.jpg,fish,val
http://www.paintercreeklodge.com/pcl10.jpg,fish,val
http://newwestminsterbc.com/Images/fishing/fish/fish_cohosalmon_1.jpg,fish,val
http://www.alaskafishingandlodging.com/silver_salmon/photos/silver_salmon_004.jpg,fish,val
http://www.alaskatrophyadventures.com/billchar-1wbrdy.jpg,fish,val
http://www.lakemichiganangler.com/graphics/fish2000_animation2.gif,fish,val
http://anglercharters.net/PAGES/BOATBASIN2005/17.9silverfboshear20oct580x.jpg,fish,val
http://fishstjoseph.com/images/photos/wierenga.JPG,fish,val
http://egov.oregon.gov/OISC/images/191/w_salmo_salar1.jpg,fish,val
http://www.gilmorereel.com/salmon.jpg,fish,val
http://www.lakemarie.com/Silver%20Salmon/Ken's%20Silver%20Salmon%202.jpg,fish,val
http://www.riversnorth.net/elements/images/head_01.jpg,fish,val
http://www.fs.fed.us/r10/ro/naturewatch/images/photos/wildlife/fish/salmon4.JPG,fish,val
http://www.babyboomersguide.co.nz/site/babyboomers/images/trout_fishing/USA/Silver_King_salmon_1.jpg,fish,val
http://www.mtaonline.net/%7ebrown/yoksilver.jpg,fish,val
http://akangler.com/silver3.jpg,fish,val
http://www.fishinginternational.com/location/alaskarluk/patsy.gif,fish,val
http://www.rippingalesfishing.com/images/coho&spring.jpg,fish,val
http://www.strikesilver.com/conde.jpg,fish,val
http://z.hubpages.com/u/429838_f520.jpg,fish,val
http://image20.webshots.com/21/1/81/99/192318199YhVkyf_fs.jpg,fish,val
http://www.greatriverfishing.com/images/Small/PicCoho3_small.jpg,fish,val
http://www.pittriver.com/images/text-photo-coho1.jpg,fish,val
http://www3.sympatico.ca/ianjames/images/coho.jpg,fish,val
http://www.public.asu.edu/~bvogt/mtn/alaska/21/d_with_silver_eyak.jpg,fish,val
http://www.coffmancovecharters.com/HappyJoanne.jpg,fish,val
http://www.mtaonline.net/%7ebrown/silveranchor.jpg,fish,val
http://www.sewardak.org/images/misc/page_photos/Anna%20caught%20a%20silver.jpg,fish,val
http://www.pnwsalmoncenter.org/images/coho_spawning2.jpg,fish,val
http://fishthesalmonriver.com/albums/rome_taxidermy/DanCarleCoho.thumb.jpg,fish,val
http://www.lenssportfishing-bc.com/images/home2.jpg,fish,val
http://www.alaskariveradventures.com/images/king%20salmon%20by%20stephanie%20holland.jpg,fish,val
http://www.bearsdenlodge.com/images/salmonjeff.jpg,fish,val
http://kodiakadventures.com/2007photo6.jpg,fish,val
http://www.grayling-on-a-fly.com/images/man-salmon.jpg,fish,val
http://akoffshoreoutfitters.com/gallery/images/SilverSalmon.jpg,fish,val
http://www.creeksideflyfishing.com/Salmon2003.jpg,fish,val
http://www.jimsfishing.com/images-photo_gallery/2004-08-23-02.jpg,fish,val
http://www.bristolbayadventures.com/images/silver_salmon_fishing_2.jpg,fish,val
http://alaskanadventures.biz/images/fishboat251.jpg,fish,val
http://www.gwinslodge.com/KENPHIL-SILVER.jpg,fish,val
http://i20.photobucket.com/albums/b218/grandpawrichard/Alaska%20Fishing%202008/AhappygroupwithsomeniceCohoSalmonsm.jpg,fish,val
http://www.guidebc.com/images/img0085_300.jpg,fish,val
http://www.zoo.utoronto.ca/manuesteve/cohodigging1.jpg,fish,val
http://www.flycastingguide.com/images/3478912/images/Chris%20with%20Coho%20Salmon.jpg,fish,val
http://www.skeetchestn.ca/Natural%20Resources%20Website/SARAImages/CSalmon2.jpg,fish,val
http://www.alaskan-fishing-lodges.com/anasilver.jpg,fish,val
http://www.michigansportsman.com/Boaters_Guide/10.18.05_Manistee_Lake_Coho_004_small.jpg,fish,val
http://www.fish-hawk.net/gallery/albums/userpics/10498/normal_PL%20Coho%20May%2029th.jpg,fish,val
http://www.aosalaska.com/gallery/silvers/silver24.jpg,fish,val
http://wildsalmoncenter.org/i/salmon/coho_spawn.jpg,fish,val
http://www.piscatorialpursuits.com/images/jimmy.jpg,fish,val
http://www.acefishn.com/albums/Silver-Salmon/2003_Silver.sized.jpg,fish,val
http://www.fpc.org/spawning/images/multnomahcoho11-04.jpg,fish,val
http://www.alaskaantlerworks.com/images/jerm_silver.jpg,fish,val
